1,1,244.27,449.07,198.33,91.93,1,-1,-1,-1
1,2,865.07,315.73,51.13,34.07,1,-1,-1,-1
2,1,225.07,455.89,200.04,85.11,1,-1,-1,-1
2,2,861.65,316.59,52.2,34.28,1,-1,-1,-1
3,1,205.87,462.72,201.74,78.28,1,-1,-1,-1
3,2,858.24,317.44,53.27,34.49,1,-1,-1,-1
4,1,186.67,469.55,203.45,71.45,1,-1,-1,-1
4,2,854.83,318.29,54.33,34.71,1,-1,-1,-1
5,1,167.47,476.37,205.16,64.63,1,-1,-1,-1
5,2,851.41,319.15,55.4,34.92,1,-1,-1,-1
6,1,148.27,483.2,206.86,57.8,1,-1,-1,-1
6,2,848.0,320.0,56.47,35.13,1,-1,-1,-1
7,1,133.76,486.83,201.53,54.17,1,-1,-1,-1
7,2,844.37,320.21,56.9,36.2,1,-1,-1,-1
8,1,119.25,490.45,196.2,50.55,1,-1,-1,-1
8,2,840.75,320.43,57.32,37.26,1,-1,-1,-1
9,1,104.75,494.08,190.86,46.92,1,-1,-1,-1
9,2,837.12,320.64,57.75,38.33,1,-1,-1,-1
10,1,90.24,497.71,185.53,43.29,1,-1,-1,-1
10,2,833.49,320.85,58.18,39.4,1,-1,-1,-1
11,1,75.733,501.33,180.197,39.67,1,-1,-1,-1
11,2,829.87,321.07,58.6,40.46,1,-1,-1,-1
12,2,826.45,322.35,59.46,40.89,1,-1,-1,-1
13,2,823.04,323.63,60.31,41.32,1,-1,-1,-1
14,2,819.63,324.91,61.16,41.74,1,-1,-1,-1
15,2,816.21,326.19,62.02,42.17,1,-1,-1,-1
16,2,812.8,327.47,62.87,42.6,1,-1,-1,-1
17,2,808.11,328.75,63.93,43.02,1,-1,-1,-1
18,2,803.41,330.03,65.0,43.45,1,-1,-1,-1
19,2,798.72,331.31,66.07,43.88,1,-1,-1,-1
20,2,794.03,332.59,67.13,44.3,1,-1,-1,-1
21,2,789.33,333.87,68.2,44.73,1,-1,-1,-1
22,2,783.79,335.15,69.9,46.01,1,-1,-1,-1
22,3,902.83,302.72,45.58,32.36,1,-1,-1,-1
23,2,778.24,336.43,71.61,47.29,1,-1,-1,-1
23,3,900.05,303.57,46.44,32.79,1,-1,-1,-1
24,2,772.69,337.71,73.32,48.57,1,-1,-1,-1
24,3,897.28,304.43,47.29,33.21,1,-1,-1,-1
25,2,767.15,338.99,75.02,49.85,1,-1,-1,-1
25,3,894.51,305.28,48.14,33.64,1,-1,-1,-1
26,2,761.6,340.27,76.73,51.13,1,-1,-1,-1
26,3,891.73,306.13,49.0,34.07,1,-1,-1,-1
27,2,755.84,341.55,77.59,52.2,1,-1,-1,-1
27,3,889.39,306.77,49.42,34.28,1,-1,-1,-1
28,2,750.08,342.83,78.44,53.26,1,-1,-1,-1
28,3,887.04,307.41,49.85,34.5,1,-1,-1,-1
29,2,744.32,344.11,79.29,54.33,1,-1,-1,-1
29,3,884.69,308.05,50.28,34.71,1,-1,-1,-1
30,2,738.56,345.39,80.15,55.4,1,-1,-1,-1
30,3,882.35,308.69,50.7,34.92,1,-1,-1,-1
31,2,732.8,346.67,81.0,56.46,1,-1,-1,-1
31,3,880.0,309.33,51.13,35.14,1,-1,-1,-1
32,2,725.33,349.23,83.14,56.25,1,-1,-1,-1
32,3,876.59,310.19,51.77,35.77,1,-1,-1,-1
33,2,717.87,351.79,85.26,56.04,1,-1,-1,-1
33,3,873.17,311.04,52.42,36.41,1,-1,-1,-1
34,2,710.4,354.35,87.4,55.82,1,-1,-1,-1
34,3,869.76,311.89,53.05,37.06,1,-1,-1,-1
35,2,702.93,356.91,89.54,55.61,1,-1,-1,-1
35,3,866.35,312.75,53.69,37.69,1,-1,-1,-1
36,2,695.47,359.47,91.66,55.4,1,-1,-1,-1
36,3,862.93,313.6,54.34,38.33,1,-1,-1,-1
37,2,687.15,361.6,93.8,55.83,1,-1,-1,-1
37,3,860.37,314.24,54.12,38.55,1,-1,-1,-1
38,2,678.83,363.73,95.93,56.26,1,-1,-1,-1
38,3,857.81,314.88,53.91,38.76,1,-1,-1,-1
39,2,670.51,365.87,98.06,56.68,1,-1,-1,-1
39,3,855.25,315.52,53.7,38.97,1,-1,-1,-1
40,2,662.19,368.0,100.2,57.11,1,-1,-1,-1
40,3,852.69,316.16,53.48,39.19,1,-1,-1,-1
41,2,653.87,370.13,102.33,57.54,1,-1,-1,-1
41,3,850.13,316.8,53.27,39.4,1,-1,-1,-1
42,2,643.84,372.91,104.47,58.17,1,-1,-1,-1
42,3,846.51,318.29,53.9,39.19,1,-1,-1,-1
43,2,633.81,375.68,106.6,58.81,1,-1,-1,-1
43,3,842.88,319.79,54.55,38.97,1,-1,-1,-1
44,2,623.79,378.45,108.73,59.46,1,-1,-1,-1
44,3,839.25,321.28,55.19,38.76,1,-1,-1,-1
45,2,613.76,381.23,110.87,60.09,1,-1,-1,-1
45,3,835.63,322.77,55.82,38.55,1,-1,-1,-1
46,2,603.73,384.0,113.0,60.73,1,-1,-1,-1
46,3,832.0,324.27,56.47,38.33,1,-1,-1,-1
46,4,928.0,321.07,33.0,35.13,1,-1,-1,-1
47,2,592.85,385.49,116.42,63.08,1,-1,-1,-1
47,3,828.16,325.12,57.96,38.97,1,-1,-1,-1
47,4,924.37,320.85,36.63,37.7,1,-1,-1,-1
48,2,581.97,386.99,119.83,65.42,1,-1,-1,-1
48,3,824.32,325.97,59.45,39.62,1,-1,-1,-1
48,4,920.75,320.64,40.25,40.25,1,-1,-1,-1
49,2,571.09,388.48,123.24,67.77,1,-1,-1,-1
49,3,820.48,326.83,60.95,40.25,1,-1,-1,-1
49,4,917.12,320.43,43.88,42.81,1,-1,-1,-1
50,2,560.21,389.97,126.66,70.12,1,-1,-1,-1
50,3,816.64,327.68,62.44,40.89,1,-1,-1,-1
50,4,913.49,320.21,47.51,45.38,1,-1,-1,-1
51,2,549.33,391.47,130.07,72.46,1,-1,-1,-1
51,3,812.8,328.53,63.93,41.54,1,-1,-1,-1
51,4,909.87,320.0,51.13,47.93,1,-1,-1,-1
52,2,535.68,394.67,133.91,73.74,1,-1,-1,-1
52,3,808.11,328.96,65.21,42.81,1,-1,-1,-1
52,4,906.45,321.92,54.55,47.51,1,-1,-1,-1
53,2,522.03,397.87,137.74,75.02,1,-1,-1,-1
53,3,803.41,329.39,66.5,44.09,1,-1,-1,-1
53,4,903.04,323.84,57.96,47.08,1,-1,-1,-1
54,2,508.37,401.07,141.59,76.3,1,-1,-1,-1
54,3,798.72,329.81,67.77,45.38,1,-1,-1,-1
54,4,899.63,325.76,61.37,46.65,1,-1,-1,-1
55,2,494.72,404.27,145.43,77.58,1,-1,-1,-1
55,3,794.03,330.24,69.05,46.65,1,-1,-1,-1
55,4,896.21,327.68,64.79,46.23,1,-1,-1,-1
56,2,481.07,407.47,149.26,78.86,1,-1,-1,-1
56,3,789.33,330.67,70.34,47.93,1,-1,-1,-1
56,4,892.8,329.6,68.2,45.8,1,-1,-1,-1
57,2,464.64,411.52,152.68,80.15,1,-1,-1,-1
57,3,784.64,332.59,71.19,47.93,1,-1,-1,-1
57,4,887.68,331.09,73.32,46.87,1,-1,-1,-1
58,2,448.21,415.57,156.1,81.43,1,-1,-1,-1
58,3,779.95,334.51,72.04,47.93,1,-1,-1,-1
58,4,882.56,332.59,65.64,47.93,1,-1,-1,-1
59,2,431.79,419.63,159.5,82.7,1,-1,-1,-1
59,3,775.25,336.43,72.9,47.93,1,-1,-1,-1
59,4,877.44,334.08,67.56,49.0,1,-1,-1,-1
60,2,415.36,423.68,162.92,83.99,1,-1,-1,-1
60,3,770.56,338.35,73.75,47.93,1,-1,-1,-1
60,4,872.32,335.57,69.48,50.07,1,-1,-1,-1
61,2,398.93,427.73,166.34,85.27,1,-1,-1,-1
61,3,765.87,340.27,74.6,47.93,1,-1,-1,-1
61,4,867.2,337.07,71.4,51.13,1,-1,-1,-1
62,2,381.44,432.0,169.75,85.69,1,-1,-1,-1
62,3,760.11,341.55,75.88,49.0,1,-1,-1,-1
62,4,862.08,338.77,72.89,51.99,1,-1,-1,-1
63,2,363.95,436.27,173.16,86.12,1,-1,-1,-1
63,3,754.35,342.83,77.16,50.06,1,-1,-1,-1
63,4,856.96,340.48,74.39,52.84,1,-1,-1,-1
64,2,346.45,440.53,176.58,86.55,1,-1,-1,-1
64,3,748.59,344.11,78.44,51.13,1,-1,-1,-1
64,4,851.84,342.19,75.88,53.69,1,-1,-1,-1
65,2,328.96,444.8,179.99,86.97,1,-1,-1,-1
65,3,742.83,345.39,79.72,52.2,1,-1,-1,-1
65,4,846.72,343.89,77.37,54.55,1,-1,-1,-1
66,2,311.47,449.07,183.4,91.93,1,-1,-1,-1
66,3,737.07,346.67,81.0,53.26,1,-1,-1,-1
66,4,841.6,345.6,78.87,55.4,1,-1,-1,-1
67,2,291.84,451.84,186.81,89.16,1,-1,-1,-1
67,3,730.67,347.95,82.28,54.12,1,-1,-1,-1
67,4,835.63,347.52,79.72,56.89,1,-1,-1,-1
68,2,272.21,454.61,190.23,86.39,1,-1,-1,-1
68,3,724.27,349.23,83.56,54.97,1,-1,-1,-1
68,4,829.65,349.44,80.58,58.39,1,-1,-1,-1
69,2,252.59,457.39,193.64,83.61,1,-1,-1,-1
69,3,717.87,350.51,84.84,55.82,1,-1,-1,-1
69,4,823.68,351.36,81.43,59.88,1,-1,-1,-1
70,2,232.96,460.16,197.05,80.84,1,-1,-1,-1
70,3,711.47,351.79,86.12,56.68,1,-1,-1,-1
70,4,817.71,353.28,82.28,61.37,1,-1,-1,-1
71,2,213.33,462.93,200.47,78.07,1,-1,-1,-1
71,3,705.07,353.07,87.4,57.53,1,-1,-1,-1
71,4,811.73,355.2,83.14,62.87,1,-1,-1,-1
72,2,199.47,469.12,195.13,71.88,1,-1,-1,-1
72,3,697.39,355.63,89.53,58.6,1,-1,-1,-1
72,4,804.69,357.55,84.84,63.93,1,-1,-1,-1
73,2,185.6,475.31,189.8,65.69,1,-1,-1,-1
73,3,689.71,358.19,91.66,59.66,1,-1,-1,-1
73,4,797.65,359.89,86.55,65.0,1,-1,-1,-1
74,2,171.73,481.49,184.47,59.51,1,-1,-1,-1
74,3,682.03,360.75,93.8,60.73,1,-1,-1,-1
74,4,790.61,362.24,88.26,66.07,1,-1,-1,-1
75,2,157.87,487.68,179.13,53.32,1,-1,-1,-1
75,3,674.35,363.31,95.93,61.8,1,-1,-1,-1
75,4,783.57,364.59,89.96,67.13,1,-1,-1,-1
76,2,144.0,493.87,173.8,47.13,1,-1,-1,-1
76,3,666.67,365.87,98.06,62.86,1,-1,-1,-1
76,4,776.53,366.93,91.67,68.2,1,-1,-1,-1
77,3,657.71,367.15,100.84,64.14,1,-1,-1,-1
77,4,767.79,369.28,93.8,69.91,1,-1,-1,-1
78,3,648.75,368.43,103.61,65.42,1,-1,-1,-1
78,4,759.04,371.63,95.93,71.61,1,-1,-1,-1
78,5,900.27,299.73,46.01,33.0,1,-1,-1,-1
79,3,639.79,369.71,106.38,66.7,1,-1,-1,-1
79,4,750.29,373.97,98.07,73.32,1,-1,-1,-1
79,5,897.07,299.73,47.72,34.07,1,-1,-1,-1
80,3,630.83,370.99,109.16,67.98,1,-1,-1,-1
80,4,741.55,376.32,100.2,75.03,1,-1,-1,-1
80,5,893.87,299.73,49.42,35.14,1,-1,-1,-1
81,3,621.87,372.27,111.93,69.26,1,-1,-1,-1
81,4,732.8,378.67,102.33,76.73,1,-1,-1,-1
81,5,890.67,299.73,51.13,36.2,1,-1,-1,-1
82,3,612.48,375.04,113.21,69.91,1,-1,-1,-1
82,4,722.35,382.29,105.1,78.87,1,-1,-1,-1
82,5,887.89,300.8,51.56,35.99,1,-1,-1,-1
83,3,603.09,377.81,114.5,70.55,1,-1,-1,-1
83,4,711.89,385.92,107.88,81.0,1,-1,-1,-1
83,5,885.12,301.87,51.99,35.77,1,-1,-1,-1
84,3,593.71,380.59,115.77,71.18,1,-1,-1,-1
84,4,701.44,389.55,110.65,83.13,1,-1,-1,-1
84,5,882.35,302.93,52.41,35.56,1,-1,-1,-1
85,3,584.32,383.36,117.05,71.83,1,-1,-1,-1
85,4,690.99,393.17,113.42,85.27,1,-1,-1,-1
85,5,879.57,304.0,52.84,35.35,1,-1,-1,-1
86,3,574.93,386.13,118.34,72.47,1,-1,-1,-1
86,4,680.53,396.8,116.2,87.4,1,-1,-1,-1
86,5,876.8,305.07,53.27,35.13,1,-1,-1,-1
87,3,563.63,388.91,121.1,73.96,1,-1,-1,-1
87,4,666.88,400.85,120.04,89.54,1,-1,-1,-1
87,5,873.6,305.92,53.48,35.99,1,-1,-1,-1
88,3,552.32,391.68,123.88,75.45,1,-1,-1,-1
88,4,653.23,404.91,123.88,91.66,1,-1,-1,-1
88,5,870.4,306.77,53.69,36.84,1,-1,-1,-1
89,3,541.01,394.45,126.66,76.95,1,-1,-1,-1
89,4,639.57,408.96,127.72,93.8,1,-1,-1,-1
89,5,867.2,307.63,53.91,37.69,1,-1,-1,-1
90,3,529.71,397.23,129.42,78.44,1,-1,-1,-1
90,4,625.92,413.01,131.56,95.94,1,-1,-1,-1
90,5,864.0,308.48,54.12,38.55,1,-1,-1,-1
91,3,518.4,400.0,132.2,79.93,1,-1,-1,-1
91,4,612.27,417.07,135.4,98.06,1,-1,-1,-1
91,5,860.8,309.33,54.33,39.4,1,-1,-1,-1
92,3,503.25,403.63,136.68,80.78,1,-1,-1,-1
92,4,595.41,422.4,140.52,100.2,1,-1,-1,-1
92,5,857.17,310.19,55.4,39.4,1,-1,-1,-1
93,3,488.11,407.25,141.16,81.64,1,-1,-1,-1
93,4,578.56,427.73,145.64,102.34,1,-1,-1,-1
93,5,853.55,311.04,56.46,39.4,1,-1,-1,-1
94,3,472.96,410.88,145.64,82.49,1,-1,-1,-1
94,4,561.71,433.07,150.76,107.93,1,-1,-1,-1
94,5,849.92,311.89,57.53,39.4,1,-1,-1,-1
95,3,457.81,414.51,150.12,83.34,1,-1,-1,-1
95,4,544.85,438.4,155.88,102.6,1,-1,-1,-1
95,5,846.29,312.75,58.6,39.4,1,-1,-1,-1
96,3,442.67,418.13,154.6,84.2,1,-1,-1,-1
96,4,528.0,443.73,161.0,97.27,1,-1,-1,-1
96,5,842.67,313.6,59.66,39.4,1,-1,-1,-1
97,3,424.53,421.97,159.94,86.98,1,-1,-1,-1
97,4,513.07,449.71,159.72,91.29,1,-1,-1,-1
97,5,838.61,314.88,60.31,40.47,1,-1,-1,-1
98,3,406.4,425.81,165.27,89.75,1,-1,-1,-1
98,4,498.13,455.68,158.44,85.32,1,-1,-1,-1
98,5,834.56,316.16,60.95,41.53,1,-1,-1,-1
99,3,388.27,429.65,170.6,92.52,1,-1,-1,-1
99,4,483.2,461.65,157.16,79.35,1,-1,-1,-1
99,5,830.51,317.44,61.58,42.6,1,-1,-1,-1
100,3,370.13,433.49,175.94,95.3,1,-1,-1,-1
100,4,468.27,467.63,155.88,73.37,1,-1,-1,-1
100,5,826.45,318.72,62.23,43.67,1,-1,-1,-1
101,3,352.0,437.33,181.27,103.67,1,-1,-1,-1
101,4,453.33,473.6,154.6,67.4,1,-1,-1,-1
101,5,822.4,320.0,62.87,44.73,1,-1,-1,-1
102,3,333.44,441.81,184.04,99.19,1,-1,-1,-1
102,4,436.05,480.85,150.55,60.15,1,-1,-1,-1
102,5,817.28,321.07,64.79,45.37,1,-1,-1,-1
103,3,314.88,446.29,186.81,94.71,1,-1,-1,-1
103,4,418.77,488.11,146.5,52.89,1,-1,-1,-1
103,5,812.16,322.13,66.71,46.02,1,-1,-1,-1
104,3,296.32,450.77,189.59,90.23,1,-1,-1,-1
104,4,401.49,495.36,142.44,45.64,1,-1,-1,-1
104,5,807.04,323.2,68.63,46.65,1,-1,-1,-1
105,3,277.76,455.25,192.36,85.75,1,-1,-1,-1
105,4,384.21,502.61,138.39,38.39,1,-1,-1,-1
105,5,801.92,324.27,70.55,47.29,1,-1,-1,-1
106,3,259.2,459.73,195.13,81.27,1,-1,-1,-1
106,4,366.93,509.87,134.34,31.13,1,-1,-1,-1
106,5,796.8,325.33,72.47,47.94,1,-1,-1,-1
107,3,244.69,466.13,190.44,74.87,1,-1,-1,-1
107,5,791.47,327.47,73.74,47.72,1,-1,-1,-1
108,3,230.19,472.53,185.74,68.47,1,-1,-1,-1
108,5,786.13,329.6,75.03,47.51,1,-1,-1,-1
109,3,215.68,478.93,181.05,62.07,1,-1,-1,-1
109,5,780.8,331.73,76.31,47.3,1,-1,-1,-1
110,3,201.17,485.33,176.36,55.67,1,-1,-1,-1
110,5,775.47,333.87,77.58,47.08,1,-1,-1,-1
111,3,186.67,491.73,171.66,49.27,1,-1,-1,-1
111,5,770.13,336.0,78.87,46.87,1,-1,-1,-1
112,5,763.95,337.49,79.72,47.72,1,-1,-1,-1
113,5,757.76,338.99,80.57,48.57,1,-1,-1,-1
114,5,751.57,340.48,81.43,49.43,1,-1,-1,-1
115,5,745.39,341.97,82.28,50.28,1,-1,-1,-1
116,5,739.2,343.47,83.13,51.13,1,-1,-1,-1
117,5,731.31,345.81,85.48,51.99,1,-1,-1,-1
118,5,723.41,348.16,87.83,52.84,1,-1,-1,-1
119,5,715.52,350.51,90.17,53.69,1,-1,-1,-1
120,5,707.63,352.85,92.52,54.55,1,-1,-1,-1
121,5,699.73,355.2,94.87,55.4,1,-1,-1,-1
122,5,691.41,357.12,96.58,57.11,1,-1,-1,-1
123,5,683.09,359.04,98.28,58.81,1,-1,-1,-1
124,5,674.77,360.96,99.99,60.52,1,-1,-1,-1
125,5,666.45,362.88,101.7,62.23,1,-1,-1,-1
126,5,658.13,364.8,103.4,63.93,1,-1,-1,-1
127,5,647.68,367.79,106.6,65.0,1,-1,-1,-1
128,5,637.23,370.77,109.8,66.07,1,-1,-1,-1
129,5,626.77,373.76,113.0,67.13,1,-1,-1,-1
130,5,616.32,376.75,116.2,68.2,1,-1,-1,-1
131,5,605.87,379.73,119.4,69.27,1,-1,-1,-1
132,5,594.35,381.87,121.53,71.4,1,-1,-1,-1
133,5,582.83,384.0,123.66,73.53,1,-1,-1,-1
134,5,571.31,386.13,125.8,75.67,1,-1,-1,-1
135,5,559.79,388.27,127.93,77.8,1,-1,-1,-1
136,5,548.27,390.4,130.06,79.93,1,-1,-1,-1
137,5,532.05,394.88,135.19,83.13,1,-1,-1,-1
138,5,515.84,399.36,140.31,86.33,1,-1,-1,-1
139,5,499.63,403.84,145.42,89.53,1,-1,-1,-1
140,5,483.41,408.32,150.55,92.73,1,-1,-1,-1
141,5,467.2,412.8,155.67,95.93,1,-1,-1,-1
142,5,448.0,417.71,160.36,95.93,1,-1,-1,-1
143,5,428.8,422.61,165.05,95.94,1,-1,-1,-1
144,5,409.6,427.52,169.75,95.93,1,-1,-1,-1
145,5,390.4,432.43,174.44,95.93,1,-1,-1,-1
146,5,371.2,437.33,179.13,95.94,1,-1,-1,-1
147,5,354.13,443.09,179.78,97.91,1,-1,-1,-1
148,5,337.07,448.85,180.41,92.15,1,-1,-1,-1
149,5,320.0,454.61,181.05,86.39,1,-1,-1,-1
150,5,302.93,460.37,181.7,80.63,1,-1,-1,-1
151,5,285.87,466.13,182.33,74.87,1,-1,-1,-1
152,5,264.96,473.6,179.77,67.4,1,-1,-1,-1
153,5,244.05,481.07,177.22,59.93,1,-1,-1,-1
154,5,223.15,488.53,174.65,52.47,1,-1,-1,-1
155,5,202.24,496.0,172.09,45.0,1,-1,-1,-1
156,5,181.33,503.47,169.54,37.53,1,-1,-1,-1
156,6,912.0,298.67,49.0,55.4,1,-1,-1,-1
157,6,909.44,298.88,51.56,55.61,1,-1,-1,-1
158,6,906.88,299.09,54.12,55.83,1,-1,-1,-1
159,6,904.32,299.31,56.68,56.04,1,-1,-1,-1
160,6,901.76,299.52,59.24,56.25,1,-1,-1,-1
161,6,899.2,299.73,61.8,56.47,1,-1,-1,-1
162,6,896.21,301.23,64.79,56.68,1,-1,-1,-1
163,6,893.23,302.72,67.77,56.89,1,-1,-1,-1
164,6,890.24,304.21,70.76,57.11,1,-1,-1,-1
165,6,887.25,305.71,73.75,57.32,1,-1,-1,-1
166,6,884.27,307.2,76.73,57.53,1,-1,-1,-1
167,6,881.07,307.41,79.93,59.67,1,-1,-1,-1
168,6,877.87,307.63,70.76,61.8,1,-1,-1,-1
169,6,874.67,307.84,72.04,63.93,1,-1,-1,-1
170,6,871.47,308.05,73.32,66.07,1,-1,-1,-1
171,6,868.27,308.27,74.6,68.2,1,-1,-1,-1
172,6,864.85,309.97,74.82,67.78,1,-1,-1,-1
173,6,861.44,311.68,75.03,67.35,1,-1,-1,-1
174,6,858.03,313.39,75.24,66.92,1,-1,-1,-1
175,6,854.61,315.09,75.46,66.5,1,-1,-1,-1
176,6,851.2,316.8,75.67,66.07,1,-1,-1,-1
177,6,846.72,317.23,76.73,68.84,1,-1,-1,-1
178,6,842.24,317.65,77.8,71.62,1,-1,-1,-1
179,6,837.76,318.08,78.87,74.39,1,-1,-1,-1
180,6,833.28,318.51,79.93,77.16,1,-1,-1,-1
181,6,828.8,318.93,81.0,79.94,1,-1,-1,-1
181,7,886.4,293.33,46.87,31.94,1,-1,-1,-1
182,6,823.68,320.85,82.71,80.36,1,-1,-1,-1
182,7,883.63,294.19,47.08,33.0,1,-1,-1,-1
183,6,818.56,322.77,84.41,80.79,1,-1,-1,-1
183,7,880.85,295.04,47.3,34.07,1,-1,-1,-1
184,6,813.44,324.69,86.12,81.22,1,-1,-1,-1
184,7,878.08,295.89,47.51,35.14,1,-1,-1,-1
185,6,808.32,326.61,87.83,81.64,1,-1,-1,-1
185,7,875.31,296.75,47.72,36.2,1,-1,-1,-1
186,6,803.2,328.53,89.53,82.07,1,-1,-1,-1
186,7,872.53,297.6,47.94,37.27,1,-1,-1,-1
187,6,797.01,330.03,91.88,82.49,1,-1,-1,-1
187,7,869.12,298.88,49.0,37.27,1,-1,-1,-1
188,6,790.83,331.52,94.22,82.92,1,-1,-1,-1
188,7,865.71,300.16,50.06,37.27,1,-1,-1,-1
189,6,784.64,333.01,96.57,83.35,1,-1,-1,-1
189,7,862.29,301.44,51.14,37.27,1,-1,-1,-1
190,6,778.45,334.51,98.92,83.77,1,-1,-1,-1
190,7,858.88,302.72,52.2,37.27,1,-1,-1,-1
191,6,772.27,336.0,101.26,84.2,1,-1,-1,-1
191,7,855.47,304.0,53.26,37.27,1,-1,-1,-1
192,6,765.65,337.71,103.4,85.9,1,-1,-1,-1
192,7,852.05,304.64,53.91,38.12,1,-1,-1,-1
193,6,759.04,339.41,105.53,87.62,1,-1,-1,-1
193,7,848.64,305.28,54.55,38.97,1,-1,-1,-1
194,6,752.43,341.12,107.66,89.32,1,-1,-1,-1
194,7,845.23,305.92,55.18,39.83,1,-1,-1,-1
195,6,745.81,342.83,109.8,91.02,1,-1,-1,-1
195,7,841.81,306.56,55.83,40.68,1,-1,-1,-1
196,6,739.2,344.53,111.93,92.74,1,-1,-1,-1
196,7,838.4,307.2,56.47,41.53,1,-1,-1,-1
197,6,731.95,346.24,113.85,94.44,1,-1,-1,-1
197,7,834.56,308.48,57.11,41.96,1,-1,-1,-1
198,6,724.69,347.95,115.78,96.14,1,-1,-1,-1
198,7,830.72,309.76,57.75,42.39,1,-1,-1,-1
199,6,717.44,349.65,117.69,97.86,1,-1,-1,-1
199,7,826.88,311.04,58.39,42.81,1,-1,-1,-1
200,6,710.19,351.36,119.61,99.56,1,-1,-1,-1
200,7,823.04,312.32,59.03,43.24,1,-1,-1,-1
201,6,702.93,353.07,121.54,101.26,1,-1,-1,-1
201,7,819.2,313.6,59.67,43.67,1,-1,-1,-1
201,8,928.0,307.2,33.0,36.2,1,-1,-1,-1
202,6,694.19,356.05,124.09,102.98,1,-1,-1,-1
202,7,814.51,315.31,60.52,43.88,1,-1,-1,-1
202,8,925.65,308.05,35.35,36.42,1,-1,-1,-1
203,6,685.44,359.04,126.65,104.68,1,-1,-1,-1
203,7,809.81,317.01,61.38,44.1,1,-1,-1,-1
203,8,923.31,308.91,37.69,36.62,1,-1,-1,-1
204,6,676.69,362.03,129.22,106.38,1,-1,-1,-1
204,7,805.12,318.72,62.23,44.31,1,-1,-1,-1
204,8,920.96,309.76,40.04,36.84,1,-1,-1,-1
205,6,667.95,365.01,131.77,108.1,1,-1,-1,-1
205,7,800.43,320.43,63.08,44.52,1,-1,-1,-1
205,8,918.61,310.61,42.39,37.06,1,-1,-1,-1
206,6,659.2,368.0,134.33,109.8,1,-1,-1,-1
206,7,795.73,322.13,63.94,44.74,1,-1,-1,-1
206,8,916.27,311.47,44.73,37.26,1,-1,-1,-1
207,6,647.68,371.2,138.81,111.93,1,-1,-1,-1
207,7,790.4,323.63,65.21,45.37,1,-1,-1,-1
207,8,914.35,312.32,46.65,38.12,1,-1,-1,-1
208,6,636.16,374.4,143.29,114.07,1,-1,-1,-1
208,7,785.07,325.12,66.49,46.01,1,-1,-1,-1
208,8,912.43,313.17,48.57,38.98,1,-1,-1,-1
209,6,624.64,377.6,147.77,116.2,1,-1,-1,-1
209,7,779.73,326.61,67.78,46.66,1,-1,-1,-1
209,8,910.51,314.03,50.49,39.82,1,-1,-1,-1
210,6,613.12,380.8,152.25,118.33,1,-1,-1,-1
210,7,774.4,328.11,69.05,47.29,1,-1,-1,-1
210,8,908.59,314.88,52.41,40.68,1,-1,-1,-1
211,6,601.6,384.0,156.73,120.47,1,-1,-1,-1
211,7,769.07,329.6,70.33,47.93,1,-1,-1,-1
211,8,906.67,315.73,54.33,41.54,1,-1,-1,-1
212,6,588.37,386.35,161.43,123.88,1,-1,-1,-1
212,7,762.67,331.09,72.46,48.79,1,-1,-1,-1
212,8,903.25,316.59,57.75,42.6,1,-1,-1,-1
213,6,575.15,388.69,166.12,127.3,1,-1,-1,-1
213,7,756.27,332.59,74.6,49.64,1,-1,-1,-1
213,8,899.84,317.44,61.16,43.67,1,-1,-1,-1
214,6,561.92,391.04,170.81,130.71,1,-1,-1,-1
214,7,749.87,334.08,76.73,50.49,1,-1,-1,-1
214,8,896.43,318.29,64.57,44.74,1,-1,-1,-1
215,6,548.69,393.39,175.51,134.12,1,-1,-1,-1
215,7,743.47,335.57,78.86,51.35,1,-1,-1,-1
215,8,893.01,319.15,67.99,45.8,1,-1,-1,-1
216,6,535.47,395.73,180.2,137.54,1,-1,-1,-1
216,7,737.07,337.07,81.0,52.2,1,-1,-1,-1
216,8,889.6,320.0,71.4,46.87,1,-1,-1,-1
217,6,519.25,399.15,188.31,141.85,1,-1,-1,-1
217,7,729.6,338.77,83.56,52.84,1,-1,-1,-1
217,8,886.61,321.49,74.39,46.87,1,-1,-1,-1
218,6,503.04,402.56,196.41,138.44,1,-1,-1,-1
218,7,722.13,340.48,86.12,53.48,1,-1,-1,-1
218,8,883.63,322.99,77.37,46.86,1,-1,-1,-1
219,6,486.83,405.97,204.52,135.03,1,-1,-1,-1
219,7,714.67,342.19,88.68,54.12,1,-1,-1,-1
219,8,880.64,324.48,80.36,46.87,1,-1,-1,-1
220,6,470.61,409.39,212.63,131.61,1,-1,-1,-1
220,7,707.2,343.89,91.24,54.76,1,-1,-1,-1
220,8,877.65,325.97,83.35,46.87,1,-1,-1,-1
221,6,454.4,412.8,220.73,128.2,1,-1,-1,-1
221,7,699.73,345.6,93.8,55.4,1,-1,-1,-1
221,8,874.67,327.47,86.33,46.86,1,-1,-1,-1
222,6,440.75,417.28,221.8,123.72,1,-1,-1,-1
222,7,692.05,347.31,95.3,57.32,1,-1,-1,-1
222,8,871.25,328.11,75.88,47.5,1,-1,-1,-1
223,6,427.09,421.76,222.87,119.24,1,-1,-1,-1
223,7,684.37,349.01,96.79,59.24,1,-1,-1,-1
223,8,867.84,328.75,77.16,48.14,1,-1,-1,-1
224,6,413.44,426.24,223.93,114.76,1,-1,-1,-1
224,7,676.69,350.72,98.28,61.16,1,-1,-1,-1
224,8,864.43,329.39,78.44,48.78,1,-1,-1,-1
225,6,399.79,430.72,225.0,110.28,1,-1,-1,-1
225,7,669.01,352.43,99.78,63.08,1,-1,-1,-1
225,8,861.01,330.03,79.72,49.42,1,-1,-1,-1
226,6,386.13,435.2,226.07,105.8,1,-1,-1,-1
226,7,661.33,354.13,101.27,65.0,1,-1,-1,-1
226,8,857.6,330.67,81.0,50.06,1,-1,-1,-1
227,6,367.79,439.25,227.98,101.75,1,-1,-1,-1
227,7,652.16,357.12,102.97,65.43,1,-1,-1,-1
227,8,853.76,332.16,81.85,50.49,1,-1,-1,-1
228,6,349.44,443.31,229.91,97.69,1,-1,-1,-1
228,7,642.99,360.11,104.68,65.85,1,-1,-1,-1
228,8,849.92,333.65,82.71,50.92,1,-1,-1,-1
228,9,923.95,306.13,37.05,39.83,1,-1,-1,-1
229,6,331.09,447.36,231.83,93.64,1,-1,-1,-1
229,7,633.81,363.09,106.39,66.28,1,-1,-1,-1
229,8,846.08,335.15,83.56,51.34,1,-1,-1,-1
229,9,921.39,307.2,39.61,40.04,1,-1,-1,-1
230,6,312.75,451.41,233.74,89.59,1,-1,-1,-1
230,7,624.64,366.08,108.09,66.71,1,-1,-1,-1
230,8,842.24,336.64,84.41,51.77,1,-1,-1,-1
230,9,918.83,308.27,42.17,40.25,1,-1,-1,-1
231,6,294.4,455.47,235.67,85.53,1,-1,-1,-1
231,7,615.47,369.07,109.8,67.13,1,-1,-1,-1
231,8,838.4,338.13,85.27,52.2,1,-1,-1,-1
231,9,916.27,309.33,44.73,40.47,1,-1,-1,-1
231,10,888.53,290.13,47.94,34.07,1,-1,-1,-1
232,6,286.08,462.51,225.21,78.49,1,-1,-1,-1
232,7,604.59,371.84,113.0,67.99,1,-1,-1,-1
232,8,834.56,339.41,86.12,53.06,1,-1,-1,-1
232,9,912.85,310.4,48.15,40.04,1,-1,-1,-1
232,10,886.4,291.41,48.15,33.64,1,-1,-1,-1
233,6,277.76,469.55,214.76,71.45,1,-1,-1,-1
233,7,593.71,374.61,116.2,68.84,1,-1,-1,-1
233,8,830.72,340.69,86.97,53.91,1,-1,-1,-1
233,9,909.44,311.47,51.56,39.61,1,-1,-1,-1
233,10,884.27,292.69,48.36,33.22,1,-1,-1,-1
234,6,269.44,476.59,204.31,64.41,1,-1,-1,-1
234,7,582.83,377.39,119.4,69.69,1,-1,-1,-1
234,8,826.88,341.97,87.83,54.76,1,-1,-1,-1
234,9,906.03,312.53,54.97,39.19,1,-1,-1,-1
234,10,882.13,293.97,48.58,32.79,1,-1,-1,-1
235,6,261.12,483.63,193.85,57.37,1,-1,-1,-1
235,7,571.95,380.16,122.6,70.55,1,-1,-1,-1
235,8,823.04,343.25,88.68,55.62,1,-1,-1,-1
235,9,902.61,313.6,58.39,38.76,1,-1,-1,-1
235,10,880.0,295.25,48.79,32.36,1,-1,-1,-1
236,6,252.8,490.67,183.4,50.33,1,-1,-1,-1
236,7,561.07,382.93,125.8,71.4,1,-1,-1,-1
236,8,819.2,344.53,89.53,56.47,1,-1,-1,-1
236,9,899.2,314.67,61.8,38.33,1,-1,-1,-1
236,10,877.87,296.53,49.0,31.94,1,-1,-1,-1
237,7,547.41,385.92,129.22,73.75,1,-1,-1,-1
237,8,814.29,346.03,90.82,57.53,1,-1,-1,-1
237,9,895.57,315.73,65.43,39.4,1,-1,-1,-1
237,10,875.52,297.39,49.0,32.36,1,-1,-1,-1
238,7,533.76,388.91,132.63,76.09,1,-1,-1,-1
238,8,809.39,347.52,92.09,58.6,1,-1,-1,-1
238,9,891.95,316.8,69.05,40.47,1,-1,-1,-1
238,10,873.17,298.24,49.0,32.79,1,-1,-1,-1
239,7,520.11,391.89,136.04,78.44,1,-1,-1,-1
239,8,804.48,349.01,93.37,59.67,1,-1,-1,-1
239,9,888.32,317.87,72.68,41.53,1,-1,-1,-1
239,10,870.83,299.09,49.0,33.22,1,-1,-1,-1
240,7,506.45,394.88,139.46,80.79,1,-1,-1,-1
240,8,799.57,350.51,94.66,60.73,1,-1,-1,-1
240,9,884.69,318.93,76.31,42.6,1,-1,-1,-1
240,10,868.48,299.95,49.0,33.64,1,-1,-1,-1
241,7,492.8,397.87,142.87,83.13,1,-1,-1,-1
241,8,794.67,352.0,95.93,61.8,1,-1,-1,-1
241,9,881.07,320.0,79.93,43.67,1,-1,-1,-1
241,10,866.13,300.8,49.0,34.07,1,-1,-1,-1
242,7,476.16,401.71,147.77,85.05,1,-1,-1,-1
242,8,789.12,353.92,97.64,62.65,1,-1,-1,-1
242,9,877.65,321.07,83.35,43.66,1,-1,-1,-1
242,10,863.36,301.65,49.64,34.28,1,-1,-1,-1
243,7,459.52,405.55,152.68,86.97,1,-1,-1,-1
243,8,783.57,355.84,99.35,63.51,1,-1,-1,-1
243,9,874.24,322.13,72.04,43.67,1,-1,-1,-1
243,10,860.59,302.51,50.28,34.49,1,-1,-1,-1
244,7,442.88,409.39,157.59,88.89,1,-1,-1,-1
244,8,778.03,357.76,101.05,64.36,1,-1,-1,-1
244,9,870.83,323.2,71.82,43.67,1,-1,-1,-1
244,10,857.81,303.36,50.92,34.71,1,-1,-1,-1
245,7,426.24,413.23,162.49,90.81,1,-1,-1,-1
245,8,772.48,359.68,102.76,65.21,1,-1,-1,-1
245,9,867.41,324.27,71.62,43.66,1,-1,-1,-1
245,10,855.04,304.21,51.56,34.92,1,-1,-1,-1
246,7,409.6,417.07,167.4,92.73,1,-1,-1,-1
246,8,766.93,361.6,104.47,66.07,1,-1,-1,-1
246,9,864.0,325.33,71.4,43.67,1,-1,-1,-1
246,10,852.27,305.07,52.2,35.13,1,-1,-1,-1
247,7,389.33,421.97,172.95,93.38,1,-1,-1,-1
247,8,761.39,363.31,105.53,66.7,1,-1,-1,-1
247,9,859.09,326.19,72.68,44.73,1,-1,-1,-1
247,10,849.28,305.28,52.63,36.41,1,-1,-1,-1
248,7,369.07,426.88,178.49,94.01,1,-1,-1,-1
248,8,755.84,365.01,106.6,67.35,1,-1,-1,-1
248,9,854.19,327.04,73.96,45.8,1,-1,-1,-1
248,10,846.29,305.49,53.06,37.7,1,-1,-1,-1
249,7,348.8,431.79,184.04,94.65,1,-1,-1,-1
249,8,750.29,366.72,107.67,67.99,1,-1,-1,-1
249,9,849.28,327.89,75.24,46.87,1,-1,-1,-1
249,10,843.31,305.71,53.48,38.97,1,-1,-1,-1
250,7,328.53,436.69,189.59,95.3,1,-1,-1,-1
250,8,744.75,368.43,108.73,68.62,1,-1,-1,-1
250,9,844.37,328.75,76.52,47.93,1,-1,-1,-1
250,10,840.32,305.92,53.91,40.25,1,-1,-1,-1
251,7,308.27,441.6,195.13,99.4,1,-1,-1,-1
251,8,739.2,370.13,109.8,69.27,1,-1,-1,-1
251,9,839.47,329.6,77.8,49.0,1,-1,-1,-1
251,10,837.33,306.13,54.34,41.54,1,-1,-1,-1
252,7,287.57,446.51,198.34,94.49,1,-1,-1,-1
252,8,732.16,372.05,112.36,70.98,1,-1,-1,-1
252,9,833.92,330.67,79.29,49.64,1,-1,-1,-1
252,10,834.35,307.2,54.76,41.11,1,-1,-1,-1
253,7,266.88,451.41,201.53,89.59,1,-1,-1,-1
253,8,725.12,373.97,114.92,72.68,1,-1,-1,-1
253,9,828.37,331.73,80.79,50.28,1,-1,-1,-1
253,10,831.36,308.27,55.19,40.68,1,-1,-1,-1
254,7,246.19,456.32,204.73,84.68,1,-1,-1,-1
254,8,718.08,375.89,117.48,74.39,1,-1,-1,-1
254,9,822.83,332.8,82.28,50.92,1,-1,-1,-1
254,10,828.37,309.33,55.62,40.26,1,-1,-1,-1
255,7,225.49,461.23,207.94,79.77,1,-1,-1,-1
255,8,711.04,377.81,120.04,76.1,1,-1,-1,-1
255,9,817.28,333.87,83.77,51.56,1,-1,-1,-1
255,10,825.39,310.4,56.04,39.83,1,-1,-1,-1
256,7,204.8,466.13,211.13,74.87,1,-1,-1,-1
256,8,704.0,379.73,122.6,77.8,1,-1,-1,-1
256,9,811.73,334.93,85.27,52.2,1,-1,-1,-1
256,10,822.4,311.47,56.47,39.4,1,-1,-1,-1
257,7,186.88,473.81,205.16,67.19,1,-1,-1,-1
257,8,695.68,382.51,125.16,78.65,1,-1,-1,-1
257,9,806.19,336.21,86.12,53.27,1,-1,-1,-1
257,10,818.35,312.32,58.17,40.47,1,-1,-1,-1
258,7,168.96,481.49,199.19,59.51,1,-1,-1,-1
258,8,687.36,385.28,127.72,79.51,1,-1,-1,-1
258,9,800.64,337.49,86.97,54.34,1,-1,-1,-1
258,10,814.29,313.17,59.88,41.54,1,-1,-1,-1
259,7,151.04,489.17,193.21,51.83,1,-1,-1,-1
259,8,679.04,388.05,130.28,80.36,1,-1,-1,-1
259,9,795.09,338.77,87.83,55.4,1,-1,-1,-1
259,10,810.24,314.03,61.59,42.6,1,-1,-1,-1
260,7,133.12,496.85,187.24,44.15,1,-1,-1,-1
260,8,670.72,390.83,132.84,81.21,1,-1,-1,-1
260,9,789.55,340.05,88.68,56.47,1,-1,-1,-1
260,10,806.19,314.88,63.29,43.67,1,-1,-1,-1
261,7,115.2,504.53,181.27,36.47,1,-1,-1,-1
261,8,662.4,393.6,135.4,82.07,1,-1,-1,-1
261,9,784.0,341.33,89.53,57.54,1,-1,-1,-1
261,10,802.13,315.73,65.0,44.74,1,-1,-1,-1
262,8,653.01,396.37,137.96,83.99,1,-1,-1,-1
262,9,776.53,343.47,91.67,58.17,1,-1,-1,-1
262,10,798.08,316.8,65.85,44.52,1,-1,-1,-1
263,8,643.63,399.15,140.52,85.9,1,-1,-1,-1
263,9,769.07,345.6,93.8,58.81,1,-1,-1,-1
263,10,794.03,317.87,66.7,44.3,1,-1,-1,-1
264,8,634.24,401.92,143.08,87.83,1,-1,-1,-1
264,9,761.6,347.73,95.93,59.46,1,-1,-1,-1
264,10,789.97,318.93,67.56,44.1,1,-1,-1,-1
265,8,624.85,404.69,145.64,89.75,1,-1,-1,-1
265,9,754.13,349.87,98.07,60.09,1,-1,-1,-1
265,10,785.92,320.0,68.41,43.88,1,-1,-1,-1
266,8,615.47,407.47,148.2,91.66,1,-1,-1,-1
266,9,746.67,352.0,100.2,60.73,1,-1,-1,-1
266,10,781.87,321.07,69.26,43.66,1,-1,-1,-1
267,8,604.37,410.45,151.83,94.02,1,-1,-1,-1
267,9,738.99,353.92,102.12,61.59,1,-1,-1,-1
267,10,777.6,322.35,70.33,43.66,1,-1,-1,-1
268,8,593.28,413.44,155.45,96.36,1,-1,-1,-1
268,9,731.31,355.84,104.04,62.44,1,-1,-1,-1
268,10,773.33,323.63,71.4,43.66,1,-1,-1,-1
269,8,582.19,416.43,159.08,98.7,1,-1,-1,-1
269,9,723.63,357.76,105.96,63.29,1,-1,-1,-1
269,10,769.07,324.91,72.46,43.66,1,-1,-1,-1
270,8,571.09,419.41,162.71,101.06,1,-1,-1,-1
270,9,715.95,359.68,107.88,64.15,1,-1,-1,-1
270,10,764.8,326.19,73.53,43.66,1,-1,-1,-1
271,8,560.0,422.4,166.33,103.4,1,-1,-1,-1
271,9,708.27,361.6,109.8,65.0,1,-1,-1,-1
271,10,760.53,327.47,74.6,43.66,1,-1,-1,-1
272,8,547.41,426.24,170.6,102.33,1,-1,-1,-1
272,9,698.88,364.16,112.15,65.64,1,-1,-1,-1
272,10,756.27,328.11,74.81,44.94,1,-1,-1,-1
273,8,534.83,430.08,174.86,101.27,1,-1,-1,-1
273,9,689.49,366.72,114.5,66.28,1,-1,-1,-1
273,10,752.0,328.75,75.03,46.22,1,-1,-1,-1
274,8,522.24,433.92,179.13,100.2,1,-1,-1,-1
274,9,680.11,369.28,116.84,66.92,1,-1,-1,-1
274,10,747.73,329.39,75.24,47.5,1,-1,-1,-1
275,8,509.65,437.76,183.4,103.24,1,-1,-1,-1
275,9,670.72,371.84,119.19,67.56,1,-1,-1,-1
275,10,743.47,330.03,75.45,48.78,1,-1,-1,-1
276,8,497.07,441.6,187.66,99.4,1,-1,-1,-1
276,9,661.33,374.4,121.54,68.2,1,-1,-1,-1
276,10,739.2,330.67,75.67,50.06,1,-1,-1,-1
277,8,483.84,446.29,190.87,94.71,1,-1,-1,-1
277,9,651.09,376.32,124.1,70.55,1,-1,-1,-1
277,10,733.65,332.59,77.59,50.49,1,-1,-1,-1
278,8,470.61,450.99,194.07,90.01,1,-1,-1,-1
278,9,640.85,378.24,126.66,72.89,1,-1,-1,-1
278,10,728.11,334.51,79.5,50.92,1,-1,-1,-1
279,8,457.39,455.68,197.26,85.32,1,-1,-1,-1
279,9,630.61,380.16,129.22,75.24,1,-1,-1,-1
279,10,722.56,336.43,81.43,51.34,1,-1,-1,-1
280,8,444.16,460.37,200.47,80.63,1,-1,-1,-1
280,9,620.37,382.08,131.78,77.59,1,-1,-1,-1
280,10,717.01,338.35,83.35,51.77,1,-1,-1,-1
281,8,430.93,465.07,203.67,75.93,1,-1,-1,-1
281,9,610.13,384.0,134.34,79.93,1,-1,-1,-1
281,10,711.47,340.27,85.26,52.2,1,-1,-1,-1
282,8,420.91,470.19,200.25,70.81,1,-1,-1,-1
282,9,596.27,387.63,138.38,81.85,1,-1,-1,-1
282,10,705.28,341.55,86.76,53.69,1,-1,-1,-1
283,8,410.88,475.31,196.84,65.69,1,-1,-1,-1
283,9,582.4,391.25,142.44,83.78,1,-1,-1,-1
283,10,699.09,342.83,88.26,55.18,1,-1,-1,-1
284,8,400.85,480.43,193.43,60.57,1,-1,-1,-1
284,9,568.53,394.88,146.5,85.69,1,-1,-1,-1
284,10,692.91,344.11,89.74,56.68,1,-1,-1,-1
285,8,390.83,485.55,190.01,55.45,1,-1,-1,-1
285,9,554.67,398.51,150.54,87.61,1,-1,-1,-1
285,10,686.72,345.39,91.24,58.17,1,-1,-1,-1
286,8,380.8,490.67,186.6,50.33,1,-1,-1,-1
286,9,540.8,402.13,154.6,89.54,1,-1,-1,-1
286,10,680.53,346.67,92.74,59.66,1,-1,-1,-1
287,9,524.59,405.76,158.65,91.45,1,-1,-1,-1
287,10,673.92,347.95,93.8,60.52,1,-1,-1,-1
288,9,508.37,409.39,162.71,93.37,1,-1,-1,-1
288,10,667.31,349.23,94.86,61.37,1,-1,-1,-1
289,9,492.16,413.01,166.76,95.3,1,-1,-1,-1
289,10,660.69,350.51,95.94,62.22,1,-1,-1,-1
290,9,475.95,416.64,170.81,97.21,1,-1,-1,-1
290,10,654.08,351.79,97.0,63.08,1,-1,-1,-1
291,9,459.73,420.27,174.87,99.13,1,-1,-1,-1
291,10,647.47,353.07,98.06,63.93,1,-1,-1,-1
292,9,440.96,424.75,179.99,99.56,1,-1,-1,-1
292,10,640.0,355.41,100.2,64.15,1,-1,-1,-1
293,9,422.19,429.23,185.1,99.98,1,-1,-1,-1
293,10,632.53,357.76,102.34,64.36,1,-1,-1,-1
294,9,403.41,433.71,190.23,100.41,1,-1,-1,-1
294,10,625.07,360.11,104.46,64.57,1,-1,-1,-1
295,9,384.64,438.19,195.35,102.81,1,-1,-1,-1
295,10,617.6,362.45,106.6,64.79,1,-1,-1,-1
296,9,365.87,442.67,200.46,98.33,1,-1,-1,-1
296,10,610.13,364.8,108.74,65.0,1,-1,-1,-1
297,9,346.67,448.21,202.81,92.79,1,-1,-1,-1
297,10,602.67,366.93,109.58,66.71,1,-1,-1,-1
298,9,327.47,453.76,205.16,87.24,1,-1,-1,-1
298,10,595.2,369.07,110.44,68.41,1,-1,-1,-1
299,9,308.27,459.31,207.5,81.69,1,-1,-1,-1
299,10,587.73,371.2,111.3,70.12,1,-1,-1,-1
300,9,289.07,464.85,209.85,76.15,1,-1,-1,-1
300,10,580.27,373.33,112.14,71.83,1,-1,-1,-1
301,9,269.87,470.4,212.2,70.6,1,-1,-1,-1
301,10,572.8,375.47,113.0,73.53,1,-1,-1,-1
302,9,252.8,477.23,207.29,63.77,1,-1,-1,-1
302,10,562.99,378.03,115.34,74.6,1,-1,-1,-1
303,9,235.73,484.05,202.39,56.95,1,-1,-1,-1
303,10,553.17,380.59,117.7,75.66,1,-1,-1,-1
304,9,218.67,490.88,197.48,50.12,1,-1,-1,-1
304,10,543.36,383.15,120.04,76.73,1,-1,-1,-1
305,9,201.6,497.71,192.57,43.29,1,-1,-1,-1
305,10,533.55,385.71,122.38,77.8,1,-1,-1,-1
306,9,184.53,504.53,187.67,36.47,1,-1,-1,-1
306,10,523.73,388.27,124.74,78.86,1,-1,-1,-1
307,10,512.43,391.04,128.36,79.72,1,-1,-1,-1
308,10,501.12,393.81,131.99,80.58,1,-1,-1,-1
309,10,489.81,396.59,135.62,81.42,1,-1,-1,-1
310,10,478.51,399.36,139.24,82.28,1,-1,-1,-1
311,10,467.2,402.13,142.87,83.14,1,-1,-1,-1
312,10,455.25,404.69,144.79,85.91,1,-1,-1,-1
313,10,443.31,407.25,146.7,88.68,1,-1,-1,-1
314,10,431.36,409.81,148.63,91.46,1,-1,-1,-1
315,10,419.41,412.37,150.55,94.23,1,-1,-1,-1
316,10,407.47,414.93,152.46,97.0,1,-1,-1,-1
317,10,392.32,418.13,156.52,98.92,1,-1,-1,-1
318,10,377.17,421.33,160.58,100.84,1,-1,-1,-1
319,10,362.03,424.53,164.62,102.76,1,-1,-1,-1
320,10,346.88,427.73,168.68,104.68,1,-1,-1,-1
321,10,331.73,430.93,172.74,110.07,1,-1,-1,-1
321,11,905.6,278.4,55.4,71.4,1,-1,-1,-1
322,10,314.67,435.2,177.0,105.8,1,-1,-1,-1
322,11,902.83,279.68,58.17,71.19,1,-1,-1,-1
323,10,297.6,439.47,181.27,101.53,1,-1,-1,-1
323,11,900.05,280.96,60.95,70.97,1,-1,-1,-1
324,10,280.53,443.73,185.54,97.27,1,-1,-1,-1
324,11,897.28,282.24,63.72,70.76,1,-1,-1,-1
325,10,263.47,448.0,189.8,93.0,1,-1,-1,-1
325,11,894.51,283.52,66.49,70.55,1,-1,-1,-1
326,10,246.4,452.27,194.07,88.73,1,-1,-1,-1
326,11,891.73,284.8,69.27,70.33,1,-1,-1,-1
327,10,229.76,457.17,195.56,83.83,1,-1,-1,-1
327,11,888.75,285.23,72.25,72.25,1,-1,-1,-1
328,10,213.12,462.08,197.05,78.92,1,-1,-1,-1
328,11,885.76,285.65,75.24,74.18,1,-1,-1,-1
329,10,196.48,466.99,198.55,74.01,1,-1,-1,-1
329,11,882.77,286.08,78.23,76.09,1,-1,-1,-1
330,10,179.84,471.89,200.04,69.11,1,-1,-1,-1
330,11,879.79,286.51,81.21,78.01,1,-1,-1,-1
331,10,163.2,476.8,201.53,64.2,1,-1,-1,-1
331,11,876.8,286.93,84.2,79.94,1,-1,-1,-1
332,10,149.33,482.56,195.56,58.44,1,-1,-1,-1
332,11,873.39,287.57,87.61,80.79,1,-1,-1,-1
333,10,135.47,488.32,189.58,52.68,1,-1,-1,-1
333,11,869.97,288.21,91.03,81.64,1,-1,-1,-1
334,10,121.6,494.08,183.61,46.92,1,-1,-1,-1
334,11,866.56,288.85,94.44,82.5,1,-1,-1,-1
335,10,107.73,499.84,177.64,41.16,1,-1,-1,-1
335,11,863.15,289.49,84.2,83.35,1,-1,-1,-1
336,10,93.867,505.6,171.663,35.4,1,-1,-1,-1
336,11,859.73,290.13,85.27,84.2,1,-1,-1,-1
337,11,855.68,290.99,86.33,85.05,1,-1,-1,-1
338,11,851.63,291.84,87.4,85.91,1,-1,-1,-1
339,11,847.57,292.69,88.47,86.76,1,-1,-1,-1
340,11,843.52,293.55,89.53,87.61,1,-1,-1,-1
341,11,839.47,294.4,90.6,88.47,1,-1,-1,-1
342,11,835.41,295.89,92.1,89.11,1,-1,-1,-1
343,11,831.36,297.39,93.59,89.74,1,-1,-1,-1
344,11,827.31,298.88,95.08,90.39,1,-1,-1,-1
345,11,823.25,300.37,96.58,91.03,1,-1,-1,-1
346,11,819.2,301.87,98.07,91.66,1,-1,-1,-1
347,11,815.15,303.15,98.28,92.94,1,-1,-1,-1
348,11,811.09,304.43,98.5,94.22,1,-1,-1,-1
349,11,807.04,305.71,98.71,95.5,1,-1,-1,-1
350,11,802.99,306.99,98.92,96.78,1,-1,-1,-1
351,11,798.93,308.27,99.14,98.06,1,-1,-1,-1
352,11,793.17,309.55,101.7,98.92,1,-1,-1,-1
353,11,787.41,310.83,104.26,99.77,1,-1,-1,-1
354,11,781.65,312.11,106.82,100.62,1,-1,-1,-1
355,11,775.89,313.39,109.38,101.48,1,-1,-1,-1
356,11,770.13,314.67,111.94,102.33,1,-1,-1,-1
357,11,764.59,315.52,113.21,104.25,1,-1,-1,-1
358,11,759.04,316.37,114.49,106.18,1,-1,-1,-1
359,11,753.49,317.23,115.78,108.09,1,-1,-1,-1
360,11,747.95,318.08,117.05,110.01,1,-1,-1,-1
361,11,742.4,318.93,118.33,111.94,1,-1,-1,-1
362,11,735.79,320.64,120.89,113.85,1,-1,-1,-1
363,11,729.17,322.35,123.46,115.77,1,-1,-1,-1
364,11,722.56,324.05,126.01,117.7,1,-1,-1,-1
365,11,715.95,325.76,128.57,119.61,1,-1,-1,-1
366,11,709.33,327.47,131.14,121.53,1,-1,-1,-1
366,12,893.87,297.6,51.13,34.07,1,-1,-1,-1
367,11,701.65,328.53,133.48,123.67,1,-1,-1,-1
367,12,890.67,298.24,51.34,34.71,1,-1,-1,-1
368,11,693.97,329.6,135.83,125.8,1,-1,-1,-1
368,12,887.47,298.88,51.56,35.35,1,-1,-1,-1
369,11,686.29,330.67,138.18,127.93,1,-1,-1,-1
369,12,884.27,299.52,51.77,35.99,1,-1,-1,-1
370,11,678.61,331.73,140.52,130.07,1,-1,-1,-1
370,12,881.07,300.16,51.98,36.63,1,-1,-1,-1
371,11,670.93,332.8,142.87,132.2,1,-1,-1,-1
371,12,877.87,300.8,52.2,37.27,1,-1,-1,-1
372,11,661.12,335.57,146.92,134.12,1,-1,-1,-1
372,12,874.24,301.87,52.84,37.26,1,-1,-1,-1
373,11,651.31,338.35,150.97,136.04,1,-1,-1,-1
373,12,870.61,302.93,53.48,37.27,1,-1,-1,-1
374,11,641.49,341.12,155.03,137.96,1,-1,-1,-1
374,12,866.99,304.0,54.12,37.27,1,-1,-1,-1
375,11,631.68,343.89,159.08,139.88,1,-1,-1,-1
375,12,863.36,305.07,54.76,37.26,1,-1,-1,-1
376,11,621.87,346.67,163.13,141.8,1,-1,-1,-1
376,12,859.73,306.13,55.4,37.27,1,-1,-1,-1
377,11,611.2,348.16,166.76,146.49,1,-1,-1,-1
377,12,855.25,307.41,56.26,37.48,1,-1,-1,-1
378,11,600.53,349.65,170.39,151.19,1,-1,-1,-1
378,12,850.77,308.69,57.11,37.7,1,-1,-1,-1
379,11,589.87,351.15,174.01,155.88,1,-1,-1,-1
379,12,846.29,309.97,57.96,37.91,1,-1,-1,-1
380,11,579.2,352.64,177.64,160.57,1,-1,-1,-1
380,12,841.81,311.25,58.82,38.12,1,-1,-1,-1
381,11,568.53,354.13,181.27,165.27,1,-1,-1,-1
381,12,837.33,312.53,59.67,38.34,1,-1,-1,-1
382,11,554.88,357.33,186.17,164.84,1,-1,-1,-1
382,12,833.28,313.39,60.52,38.97,1,-1,-1,-1
383,11,541.23,360.53,191.08,164.42,1,-1,-1,-1
383,12,829.23,314.24,61.37,39.61,1,-1,-1,-1
384,11,527.57,363.73,195.99,163.99,1,-1,-1,-1
384,12,825.17,315.09,62.23,40.26,1,-1,-1,-1
385,11,513.92,366.93,200.89,163.56,1,-1,-1,-1
385,12,821.12,315.95,63.08,40.89,1,-1,-1,-1
386,11,500.27,370.13,205.8,163.14,1,-1,-1,-1
386,12,817.07,316.8,63.93,41.53,1,-1,-1,-1
387,11,482.99,372.27,213.69,168.73,1,-1,-1,-1
387,12,812.16,318.08,65.0,41.96,1,-1,-1,-1
388,11,465.71,374.4,221.58,166.6,1,-1,-1,-1
388,12,807.25,319.36,66.07,42.39,1,-1,-1,-1
389,11,448.43,376.53,229.48,164.47,1,-1,-1,-1
389,12,802.35,320.64,67.13,42.81,1,-1,-1,-1
390,11,431.15,378.67,237.37,162.33,1,-1,-1,-1
390,12,797.44,321.92,68.2,43.24,1,-1,-1,-1
391,11,413.87,380.8,245.26,160.2,1,-1,-1,-1
391,12,792.53,323.2,69.27,43.67,1,-1,-1,-1
392,11,399.15,385.92,247.4,155.08,1,-1,-1,-1
392,12,787.84,324.48,69.69,43.88,1,-1,-1,-1
393,11,384.43,391.04,249.53,149.96,1,-1,-1,-1
393,12,783.15,325.76,70.12,44.09,1,-1,-1,-1
394,11,369.71,396.16,251.66,144.84,1,-1,-1,-1
394,12,778.45,327.04,70.55,44.31,1,-1,-1,-1
395,11,354.99,401.28,253.8,139.72,1,-1,-1,-1
395,12,773.76,328.32,70.97,44.52,1,-1,-1,-1
396,11,340.27,406.4,255.93,134.6,1,-1,-1,-1
396,12,769.07,329.6,71.4,44.73,1,-1,-1,-1
397,11,326.19,410.03,255.08,130.97,1,-1,-1,-1
397,12,763.09,330.88,72.68,45.59,1,-1,-1,-1
398,11,312.11,413.65,254.22,127.35,1,-1,-1,-1
398,12,757.12,332.16,73.96,46.44,1,-1,-1,-1
399,11,298.03,417.28,253.37,123.72,1,-1,-1,-1
399,12,751.15,333.44,75.24,47.29,1,-1,-1,-1
400,11,283.95,420.91,252.52,120.09,1,-1,-1,-1
400,12,745.17,334.72,76.52,48.15,1,-1,-1,-1
401,11,269.87,424.53,251.66,116.47,1,-1,-1,-1
401,12,739.2,336.0,77.8,49.0,1,-1,-1,-1
402,11,244.27,431.79,257.42,109.21,1,-1,-1,-1
402,12,733.23,337.07,78.65,49.85,1,-1,-1,-1
403,11,218.67,439.04,263.18,101.96,1,-1,-1,-1
403,12,727.25,338.13,79.51,50.71,1,-1,-1,-1
404,11,193.07,446.29,268.94,94.71,1,-1,-1,-1
404,12,721.28,339.2,80.36,51.56,1,-1,-1,-1
405,11,167.47,453.55,274.7,87.45,1,-1,-1,-1
405,12,715.31,340.27,81.21,52.41,1,-1,-1,-1
406,11,141.87,460.8,280.46,80.2,1,-1,-1,-1
406,12,709.33,341.33,82.07,53.27,1,-1,-1,-1
407,11,129.49,466.77,265.54,74.23,1,-1,-1,-1
407,12,702.08,343.47,83.77,53.69,1,-1,-1,-1
408,11,117.12,472.75,250.6,68.25,1,-1,-1,-1
408,12,694.83,345.6,85.48,54.12,1,-1,-1,-1
409,11,104.75,478.72,235.66,62.28,1,-1,-1,-1
409,12,687.57,347.73,87.19,54.55,1,-1,-1,-1
410,11,92.373,484.69,220.737,56.31,1,-1,-1,-1
410,12,680.32,349.87,88.89,54.97,1,-1,-1,-1
411,11,80.0,490.67,205.8,50.33,1,-1,-1,-1
411,12,673.07,352.0,90.6,55.4,1,-1,-1,-1
412,12,665.39,353.92,92.09,56.68,1,-1,-1,-1
413,12,657.71,355.84,93.58,57.96,1,-1,-1,-1
414,12,650.03,357.76,95.08,59.24,1,-1,-1,-1
415,12,642.35,359.68,96.57,60.52,1,-1,-1,-1
416,12,634.67,361.6,98.06,61.8,1,-1,-1,-1
417,12,625.07,364.16,100.84,62.44,1,-1,-1,-1
418,12,615.47,366.72,103.61,63.08,1,-1,-1,-1
419,12,605.87,369.28,106.38,63.72,1,-1,-1,-1
420,12,596.27,371.84,109.16,64.36,1,-1,-1,-1
421,12,586.67,374.4,111.93,65.0,1,-1,-1,-1
422,12,576.0,376.53,113.64,67.14,1,-1,-1,-1
423,12,565.33,378.67,115.35,69.26,1,-1,-1,-1
424,12,554.67,380.8,117.05,71.4,1,-1,-1,-1
425,12,544.0,382.93,118.76,73.54,1,-1,-1,-1
426,12,533.33,385.07,120.47,75.66,1,-1,-1,-1
427,12,520.53,388.48,123.46,76.73,1,-1,-1,-1
428,12,507.73,391.89,126.44,77.8,1,-1,-1,-1
429,12,494.93,395.31,129.43,78.86,1,-1,-1,-1
430,12,482.13,398.72,132.42,79.93,1,-1,-1,-1
431,12,469.33,402.13,135.4,81.0,1,-1,-1,-1
432,12,453.76,404.91,139.88,83.34,1,-1,-1,-1
432,13,903.25,298.88,57.75,40.25,1,-1,-1,-1
433,12,438.19,407.68,144.36,85.69,1,-1,-1,-1
433,13,899.84,300.16,61.16,40.04,1,-1,-1,-1
434,12,422.61,410.45,148.84,88.04,1,-1,-1,-1
434,13,896.43,301.44,64.57,39.83,1,-1,-1,-1
435,12,407.04,413.23,153.32,90.38,1,-1,-1,-1
435,13,893.01,302.72,67.99,39.61,1,-1,-1,-1
436,12,391.47,416.0,157.8,92.73,1,-1,-1,-1
436,13,889.6,304.0,71.4,39.4,1,-1,-1,-1
437,12,374.61,420.27,160.15,94.44,1,-1,-1,-1
437,13,886.19,304.43,61.58,40.68,1,-1,-1,-1
438,12,357.76,424.53,162.49,96.15,1,-1,-1,-1
438,13,882.77,304.85,62.44,41.96,1,-1,-1,-1
439,12,340.91,428.8,164.84,97.85,1,-1,-1,-1
439,13,879.36,305.28,63.29,43.24,1,-1,-1,-1
440,12,324.05,433.07,167.19,99.56,1,-1,-1,-1
440,13,875.95,305.71,64.14,44.52,1,-1,-1,-1
441,12,307.2,437.33,169.53,103.67,1,-1,-1,-1
441,13,872.53,306.13,65.0,45.8,1,-1,-1,-1
442,12,286.51,442.67,173.37,98.33,1,-1,-1,-1
442,13,869.12,307.63,65.43,45.37,1,-1,-1,-1
443,12,265.81,448.0,177.22,93.0,1,-1,-1,-1
443,13,865.71,309.12,65.85,44.95,1,-1,-1,-1
444,12,245.12,453.33,181.05,87.67,1,-1,-1,-1
444,13,862.29,310.61,66.28,44.52,1,-1,-1,-1
445,12,224.43,458.67,184.89,82.33,1,-1,-1,-1
445,13,858.88,312.11,66.71,44.09,1,-1,-1,-1
446,12,203.73,464.0,188.74,77.0,1,-1,-1,-1
446,13,855.47,313.6,67.13,43.67,1,-1,-1,-1
447,12,190.08,469.97,182.76,71.03,1,-1,-1,-1
447,13,850.99,314.88,67.98,44.73,1,-1,-1,-1
448,12,176.43,475.95,176.78,65.05,1,-1,-1,-1
448,13,846.51,316.16,68.84,45.8,1,-1,-1,-1
449,12,162.77,481.92,170.82,59.08,1,-1,-1,-1
449,13,842.03,317.44,69.69,46.87,1,-1,-1,-1
450,12,149.12,487.89,164.84,53.11,1,-1,-1,-1
450,13,837.55,318.72,70.54,47.93,1,-1,-1,-1
451,12,135.47,493.87,158.86,47.13,1,-1,-1,-1
451,13,833.07,320.0,71.4,49.0,1,-1,-1,-1
452,13,828.16,321.28,72.68,49.85,1,-1,-1,-1
453,13,823.25,322.56,73.96,50.71,1,-1,-1,-1
454,13,818.35,323.84,75.24,51.56,1,-1,-1,-1
455,13,813.44,325.12,76.52,52.41,1,-1,-1,-1
456,13,808.53,326.4,77.8,53.27,1,-1,-1,-1
457,13,802.13,328.11,79.94,52.62,1,-1,-1,-1
457,14,890.67,296.75,57.32,35.77,1,-1,-1,-1
458,13,795.73,329.81,82.07,51.99,1,-1,-1,-1
458,14,887.47,298.03,58.17,35.34,1,-1,-1,-1
459,13,789.33,331.52,84.2,51.35,1,-1,-1,-1
459,14,884.27,299.31,59.02,34.92,1,-1,-1,-1
460,13,782.93,333.23,86.34,50.7,1,-1,-1,-1
460,14,881.07,300.59,59.88,34.49,1,-1,-1,-1
461,13,776.53,334.93,88.47,50.07,1,-1,-1,-1
461,14,877.87,301.87,60.73,34.06,1,-1,-1,-1
462,13,770.77,336.21,89.32,51.14,1,-1,-1,-1
462,14,874.67,302.51,61.58,35.13,1,-1,-1,-1
463,13,765.01,337.49,90.18,52.2,1,-1,-1,-1
463,14,871.47,303.15,62.44,36.2,1,-1,-1,-1
464,13,759.25,338.77,91.03,53.27,1,-1,-1,-1
464,14,868.27,303.79,63.29,37.26,1,-1,-1,-1
465,13,753.49,340.05,91.88,54.34,1,-1,-1,-1
465,14,865.07,304.43,64.14,38.33,1,-1,-1,-1
466,13,747.73,341.33,92.74,55.4,1,-1,-1,-1
466,14,861.87,305.07,65.0,39.4,1,-1,-1,-1
467,13,741.12,342.61,94.44,56.47,1,-1,-1,-1
467,14,858.45,305.71,65.64,39.82,1,-1,-1,-1
468,13,734.51,343.89,96.14,57.54,1,-1,-1,-1
468,14,855.04,306.35,66.28,40.25,1,-1,-1,-1
469,13,727.89,345.17,97.86,58.6,1,-1,-1,-1
469,14,851.63,306.99,66.92,40.68,1,-1,-1,-1
470,13,721.28,346.45,99.56,59.67,1,-1,-1,-1
470,14,848.21,307.63,67.56,41.1,1,-1,-1,-1
471,13,714.67,347.73,101.26,60.74,1,-1,-1,-1
471,14,844.8,308.27,68.2,41.53,1,-1,-1,-1
472,13,706.56,349.87,102.76,61.16,1,-1,-1,-1
472,14,841.81,309.55,68.63,41.74,1,-1,-1,-1
473,13,698.45,352.0,104.26,61.59,1,-1,-1,-1
473,14,838.83,310.83,69.05,41.96,1,-1,-1,-1
474,13,690.35,354.13,105.74,62.02,1,-1,-1,-1
474,14,835.84,312.11,69.48,42.17,1,-1,-1,-1
475,13,682.24,356.27,107.24,62.44,1,-1,-1,-1
475,14,832.85,313.39,69.91,42.38,1,-1,-1,-1
476,13,674.13,358.4,108.74,62.87,1,-1,-1,-1
476,14,829.87,314.67,70.33,42.6,1,-1,-1,-1
477,13,665.6,359.89,110.23,64.79,1,-1,-1,-1
477,14,826.03,315.73,70.54,42.82,1,-1,-1,-1
478,13,657.07,361.39,111.72,66.7,1,-1,-1,-1
478,14,822.19,316.8,70.76,43.03,1,-1,-1,-1
479,13,648.53,362.88,113.22,68.63,1,-1,-1,-1
479,14,818.35,317.87,70.97,43.24,1,-1,-1,-1
480,13,640.0,364.37,114.71,70.55,1,-1,-1,-1
480,14,814.51,318.93,71.18,43.46,1,-1,-1,-1
481,13,631.47,365.87,116.2,72.46,1,-1,-1,-1
481,14,810.67,320.0,71.4,43.67,1,-1,-1,-1
482,13,621.44,368.64,119.19,73.53,1,-1,-1,-1
482,14,806.19,321.07,72.68,44.09,1,-1,-1,-1
483,13,611.41,371.41,122.18,74.6,1,-1,-1,-1
483,14,801.71,322.13,73.96,44.52,1,-1,-1,-1
484,13,601.39,374.19,125.16,75.66,1,-1,-1,-1
484,14,797.23,323.2,75.24,44.95,1,-1,-1,-1
485,13,591.36,376.96,128.15,76.73,1,-1,-1,-1
485,14,792.75,324.27,76.52,45.37,1,-1,-1,-1
486,13,581.33,379.73,131.14,77.8,1,-1,-1,-1
486,14,788.27,325.33,77.8,45.8,1,-1,-1,-1
487,13,569.39,382.29,133.9,79.3,1,-1,-1,-1
487,14,783.57,326.19,78.66,46.86,1,-1,-1,-1
488,13,557.44,384.85,136.68,80.79,1,-1,-1,-1
488,14,778.88,327.04,79.51,47.93,1,-1,-1,-1
489,13,545.49,387.41,139.46,82.28,1,-1,-1,-1
489,14,774.19,327.89,80.36,49.0,1,-1,-1,-1
490,13,533.55,389.97,142.22,83.78,1,-1,-1,-1
490,14,769.49,328.75,81.22,50.06,1,-1,-1,-1
491,13,521.6,392.53,145.0,85.27,1,-1,-1,-1
491,14,764.8,329.6,82.07,51.13,1,-1,-1,-1
491,15,923.73,306.13,37.27,40.47,1,-1,-1,-1
492,13,507.31,395.52,148.84,87.19,1,-1,-1,-1
492,14,759.47,331.09,82.92,51.56,1,-1,-1,-1
492,15,921.6,307.41,39.4,40.47,1,-1,-1,-1
493,13,493.01,398.51,152.68,89.1,1,-1,-1,-1
493,14,754.13,332.59,83.78,51.98,1,-1,-1,-1
493,15,919.47,308.69,41.53,40.47,1,-1,-1,-1
494,13,478.72,401.49,156.52,91.03,1,-1,-1,-1
494,14,748.8,334.08,84.63,52.41,1,-1,-1,-1
494,15,917.33,309.97,43.67,40.47,1,-1,-1,-1
495,13,464.43,404.48,160.36,92.95,1,-1,-1,-1
495,14,743.47,335.57,85.48,52.84,1,-1,-1,-1
495,15,915.2,311.25,45.8,40.47,1,-1,-1,-1
496,13,450.13,407.47,164.2,94.86,1,-1,-1,-1
496,14,738.13,337.07,86.34,53.26,1,-1,-1,-1
496,15,913.07,312.53,47.93,40.47,1,-1,-1,-1
497,13,434.13,411.31,167.62,96.14,1,-1,-1,-1
497,14,731.73,338.56,88.04,54.12,1,-1,-1,-1
497,15,909.01,313.17,51.99,41.54,1,-1,-1,-1
498,13,418.13,415.15,171.03,97.42,1,-1,-1,-1
498,14,725.33,340.05,89.75,54.98,1,-1,-1,-1
498,15,904.96,313.81,56.04,42.6,1,-1,-1,-1
499,13,402.13,418.99,174.44,98.7,1,-1,-1,-1
499,14,718.93,341.55,91.46,55.82,1,-1,-1,-1
499,15,900.91,314.45,60.09,43.67,1,-1,-1,-1
500,13,386.13,422.83,177.86,99.98,1,-1,-1,-1
500,14,712.53,343.04,93.16,56.68,1,-1,-1,-1
500,15,896.85,315.09,64.15,44.74,1,-1,-1,-1
501,13,370.13,426.67,181.27,101.26,1,-1,-1,-1
501,14,706.13,344.53,94.87,57.54,1,-1,-1,-1
501,15,892.8,315.73,68.2,45.8,1,-1,-1,-1
502,13,352.64,430.08,184.68,102.55,1,-1,-1,-1
502,14,698.88,346.03,97.21,59.02,1,-1,-1,-1
502,15,889.6,316.8,71.4,46.44,1,-1,-1,-1
503,13,335.15,433.49,188.09,107.51,1,-1,-1,-1
503,14,691.63,347.52,99.56,60.52,1,-1,-1,-1
503,15,886.4,317.87,74.6,47.08,1,-1,-1,-1
504,13,317.65,436.91,191.51,104.09,1,-1,-1,-1
504,14,684.37,349.01,101.91,62.02,1,-1,-1,-1
504,15,883.2,318.93,64.57,47.72,1,-1,-1,-1
505,13,300.16,440.32,194.92,100.68,1,-1,-1,-1
505,14,677.12,350.51,104.25,63.5,1,-1,-1,-1
505,15,880.0,320.0,64.79,48.36,1,-1,-1,-1
506,13,282.67,443.73,198.33,97.27,1,-1,-1,-1
506,14,669.87,352.0,106.6,65.0,1,-1,-1,-1
506,15,876.8,321.07,65.0,49.0,1,-1,-1,-1
507,13,267.52,449.49,196.2,91.51,1,-1,-1,-1
507,14,663.47,354.77,106.81,64.58,1,-1,-1,-1
507,15,872.75,322.56,66.28,49.85,1,-1,-1,-1
508,13,252.37,455.25,194.07,85.75,1,-1,-1,-1
508,14,657.07,357.55,107.02,64.14,1,-1,-1,-1
508,15,868.69,324.05,67.56,50.71,1,-1,-1,-1
509,13,237.23,461.01,191.93,79.99,1,-1,-1,-1
509,14,650.67,360.32,107.24,63.72,1,-1,-1,-1
509,15,864.64,325.55,68.84,51.56,1,-1,-1,-1
510,13,222.08,466.77,189.8,74.23,1,-1,-1,-1
510,14,644.27,363.09,107.45,63.3,1,-1,-1,-1
510,15,860.59,327.04,70.12,52.41,1,-1,-1,-1
511,13,206.93,472.53,187.67,68.47,1,-1,-1,-1
511,14,637.87,365.87,107.66,62.86,1,-1,-1,-1
511,15,856.53,328.53,71.4,53.27,1,-1,-1,-1
512,13,187.95,478.29,186.38,62.71,1,-1,-1,-1
512,14,628.48,366.72,109.8,66.07,1,-1,-1,-1
512,15,851.84,329.81,72.68,54.12,1,-1,-1,-1
513,13,168.96,484.05,185.11,56.95,1,-1,-1,-1
513,14,619.09,367.57,111.94,69.27,1,-1,-1,-1
513,15,847.15,331.09,73.96,54.98,1,-1,-1,-1
513,16,916.27,306.13,44.73,38.55,1,-1,-1,-1
514,13,149.97,489.81,183.83,51.19,1,-1,-1,-1
514,14,609.71,368.43,114.06,72.46,1,-1,-1,-1
514,15,842.45,332.37,75.24,55.83,1,-1,-1,-1
514,16,913.07,306.13,47.93,40.26,1,-1,-1,-1
515,13,130.99,495.57,182.54,45.43,1,-1,-1,-1
515,14,600.32,369.28,116.2,75.67,1,-1,-1,-1
515,15,837.76,333.65,76.52,56.68,1,-1,-1,-1
515,16,909.87,306.13,51.13,41.96,1,-1,-1,-1
516,13,112.0,501.33,181.27,39.67,1,-1,-1,-1
516,14,590.93,370.13,118.34,78.87,1,-1,-1,-1
516,15,833.07,334.93,77.8,57.54,1,-1,-1,-1
516,16,906.67,306.13,54.33,43.67,1,-1,-1,-1
517,14,580.48,373.33,122.6,79.72,1,-1,-1,-1
517,15,827.95,335.79,79.08,59.02,1,-1,-1,-1
517,16,903.25,307.63,57.75,43.45,1,-1,-1,-1
518,14,570.03,376.53,126.86,80.58,1,-1,-1,-1
518,15,822.83,336.64,80.36,60.52,1,-1,-1,-1
518,16,899.84,309.12,61.16,43.24,1,-1,-1,-1
519,14,559.57,379.73,131.14,81.43,1,-1,-1,-1
519,15,817.71,337.49,81.64,62.02,1,-1,-1,-1
519,16,896.43,310.61,64.57,43.03,1,-1,-1,-1
520,14,549.12,382.93,135.4,82.28,1,-1,-1,-1
520,15,812.59,338.35,82.92,63.5,1,-1,-1,-1
520,16,893.01,312.11,67.99,42.81,1,-1,-1,-1
521,14,538.67,386.13,139.66,83.14,1,-1,-1,-1
521,15,807.47,339.2,84.2,65.0,1,-1,-1,-1
521,16,889.6,313.6,71.4,42.6,1,-1,-1,-1
522,14,526.51,389.12,142.86,84.2,1,-1,-1,-1
522,15,801.49,341.97,85.7,65.22,1,-1,-1,-1
522,16,886.19,314.45,74.81,43.67,1,-1,-1,-1
523,14,514.35,392.11,146.06,85.26,1,-1,-1,-1
523,15,795.52,344.75,87.19,65.42,1,-1,-1,-1
523,16,882.77,315.31,65.64,44.73,1,-1,-1,-1
524,14,502.19,395.09,149.26,86.34,1,-1,-1,-1
524,15,789.55,347.52,88.68,65.64,1,-1,-1,-1
524,16,879.36,316.16,66.49,45.8,1,-1,-1,-1
525,14,490.03,398.08,152.46,87.4,1,-1,-1,-1
525,15,783.57,350.29,90.18,65.86,1,-1,-1,-1
525,16,875.95,317.01,67.34,46.87,1,-1,-1,-1
526,14,477.87,401.07,155.66,88.46,1,-1,-1,-1
526,15,777.6,353.07,91.67,66.06,1,-1,-1,-1
526,16,872.53,317.87,68.2,47.93,1,-1,-1,-1
527,14,464.21,404.48,159.08,91.03,1,-1,-1,-1
527,15,770.35,355.63,93.8,67.34,1,-1,-1,-1
527,16,868.69,319.79,69.06,48.36,1,-1,-1,-1
528,14,450.56,407.89,162.49,93.59,1,-1,-1,-1
528,15,763.09,358.19,95.94,68.62,1,-1,-1,-1
528,16,864.85,321.71,69.91,48.78,1,-1,-1,-1
529,14,436.91,411.31,165.9,96.14,1,-1,-1,-1
529,15,755.84,360.75,98.07,69.9,1,-1,-1,-1
529,16,861.01,323.63,70.76,49.21,1,-1,-1,-1
530,14,423.25,414.72,169.32,98.71,1,-1,-1,-1
530,15,748.59,363.31,100.2,71.18,1,-1,-1,-1
530,16,857.17,325.55,71.62,49.64,1,-1,-1,-1
531,14,409.6,418.13,172.73,101.27,1,-1,-1,-1
531,15,741.33,365.87,102.34,72.46,1,-1,-1,-1
531,16,853.33,327.47,72.47,50.06,1,-1,-1,-1
532,14,393.39,421.76,176.36,100.41,1,-1,-1,-1
532,15,733.87,368.85,103.61,73.54,1,-1,-1,-1
532,16,848.43,328.75,73.96,50.49,1,-1,-1,-1
533,14,377.17,425.39,179.99,99.56,1,-1,-1,-1
533,15,726.4,371.84,104.89,74.6,1,-1,-1,-1
533,16,843.52,330.03,75.45,50.92,1,-1,-1,-1
534,14,360.96,429.01,183.61,98.71,1,-1,-1,-1
534,15,718.93,374.83,106.18,75.66,1,-1,-1,-1
534,16,838.61,331.31,76.95,51.34,1,-1,-1,-1
535,14,344.75,432.64,187.24,97.85,1,-1,-1,-1
535,15,711.47,377.81,107.45,76.74,1,-1,-1,-1
535,16,833.71,332.59,78.44,51.77,1,-1,-1,-1
536,14,328.53,436.27,190.87,97.0,1,-1,-1,-1
536,15,704.0,380.8,108.73,77.8,1,-1,-1,-1
536,16,828.8,333.87,79.93,52.2,1,-1,-1,-1
537,14,311.47,441.39,193.42,99.61,1,-1,-1,-1
537,15,693.55,383.36,112.36,80.15,1,-1,-1,-1
537,16,824.11,335.36,80.57,53.48,1,-1,-1,-1
538,14,294.4,446.51,195.99,94.49,1,-1,-1,-1
538,15,683.09,385.92,115.99,82.49,1,-1,-1,-1
538,16,819.41,336.85,81.22,54.76,1,-1,-1,-1
539,14,277.33,451.63,198.55,89.37,1,-1,-1,-1
539,15,672.64,388.48,119.61,84.84,1,-1,-1,-1
539,16,814.72,338.35,81.85,56.04,1,-1,-1,-1
540,14,260.27,456.75,201.1,84.25,1,-1,-1,-1
540,15,662.19,391.04,123.24,87.19,1,-1,-1,-1
540,16,810.03,339.84,82.49,57.32,1,-1,-1,-1
541,14,243.2,461.87,203.67,79.13,1,-1,-1,-1
541,15,651.73,393.6,126.87,89.53,1,-1,-1,-1
541,16,805.33,341.33,83.14,58.6,1,-1,-1,-1
541,17,912.0,300.8,49.0,45.8,1,-1,-1,-1
542,14,229.76,466.99,201.32,74.01,1,-1,-1,-1
542,15,640.64,397.01,129.0,91.88,1,-1,-1,-1
542,16,799.57,343.04,84.42,59.03,1,-1,-1,-1
542,17,909.01,302.08,51.99,45.8,1,-1,-1,-1
543,14,216.32,472.11,198.97,68.89,1,-1,-1,-1
543,15,629.55,400.43,131.13,94.22,1,-1,-1,-1
543,16,793.81,344.75,85.7,59.45,1,-1,-1,-1
543,17,906.03,303.36,54.97,45.8,1,-1,-1,-1
544,14,202.88,477.23,196.63,63.77,1,-1,-1,-1
544,15,618.45,403.84,133.27,96.57,1,-1,-1,-1
544,16,788.05,346.45,86.98,59.88,1,-1,-1,-1
544,17,903.04,304.64,57.96,45.8,1,-1,-1,-1
545,14,189.44,482.35,194.28,58.65,1,-1,-1,-1
545,15,607.36,407.25,135.4,98.92,1,-1,-1,-1
545,16,782.29,348.16,88.26,60.31,1,-1,-1,-1
545,17,900.05,305.92,60.95,45.8,1,-1,-1,-1
546,14,176.0,487.47,191.93,53.53,1,-1,-1,-1
546,15,596.27,410.67,137.53,101.26,1,-1,-1,-1
546,16,776.53,349.87,89.54,60.73,1,-1,-1,-1
546,17,897.07,307.2,63.93,45.8,1,-1,-1,-1
547,15,581.97,414.72,142.02,102.97,1,-1,-1,-1
547,16,770.13,352.43,90.6,61.8,1,-1,-1,-1
547,17,894.51,308.48,66.49,46.87,1,-1,-1,-1
548,15,567.68,418.77,146.49,104.68,1,-1,-1,-1
548,16,763.73,354.99,91.67,62.86,1,-1,-1,-1
548,17,891.95,309.76,69.05,47.93,1,-1,-1,-1
549,15,553.39,422.83,150.97,106.38,1,-1,-1,-1
549,16,757.33,357.55,92.74,63.93,1,-1,-1,-1
549,17,889.39,311.04,71.61,49.0,1,-1,-1,-1
550,15,539.09,426.88,155.46,108.09,1,-1,-1,-1
550,16,750.93,360.11,93.8,65.0,1,-1,-1,-1
550,17,886.83,312.32,74.17,50.07,1,-1,-1,-1
551,15,524.8,430.93,159.93,110.07,1,-1,-1,-1
551,16,744.53,362.67,94.87,66.06,1,-1,-1,-1
551,17,884.27,313.6,62.86,51.13,1,-1,-1,-1
552,15,510.51,437.55,162.49,103.45,1,-1,-1,-1
552,16,736.0,364.59,98.07,67.77,1,-1,-1,-1
552,17,880.21,314.67,64.15,51.77,1,-1,-1,-1
553,15,496.21,444.16,165.06,96.84,1,-1,-1,-1
553,16,727.47,366.51,101.26,69.48,1,-1,-1,-1
553,17,876.16,315.73,65.43,52.42,1,-1,-1,-1
554,15,481.92,450.77,167.61,90.23,1,-1,-1,-1
554,16,718.93,368.43,104.47,71.18,1,-1,-1,-1
554,17,872.11,316.8,66.7,53.05,1,-1,-1,-1
555,15,467.63,457.39,170.17,83.61,1,-1,-1,-1
555,16,710.4,370.35,107.67,72.89,1,-1,-1,-1
555,17,868.05,317.87,67.99,53.69,1,-1,-1,-1
556,15,453.33,464.0,172.74,77.0,1,-1,-1,-1
556,16,701.87,372.27,110.86,74.6,1,-1,-1,-1
556,17,864.0,318.93,69.27,54.34,1,-1,-1,-1
557,15,437.76,471.04,171.45,69.96,1,-1,-1,-1
557,16,693.76,375.25,112.79,76.1,1,-1,-1,-1
557,17,860.8,320.21,69.69,55.19,1,-1,-1,-1
558,15,422.19,478.08,170.17,62.92,1,-1,-1,-1
558,16,685.65,378.24,114.71,77.59,1,-1,-1,-1
558,17,857.6,321.49,70.12,56.04,1,-1,-1,-1
559,15,406.61,485.12,168.9,55.88,1,-1,-1,-1
559,16,677.55,381.23,116.62,79.08,1,-1,-1,-1
559,17,854.4,322.77,70.55,56.9,1,-1,-1,-1
560,15,391.04,492.16,167.61,48.84,1,-1,-1,-1
560,16,669.44,384.21,118.55,80.58,1,-1,-1,-1
560,17,851.2,324.05,70.97,57.75,1,-1,-1,-1
561,15,375.47,499.2,166.33,41.8,1,-1,-1,-1
561,16,661.33,387.2,120.47,82.07,1,-1,-1,-1
561,17,848.0,325.33,71.4,58.6,1,-1,-1,-1
562,16,650.67,390.19,123.66,83.56,1,-1,-1,-1
562,17,843.31,326.61,72.46,59.88,1,-1,-1,-1
563,16,640.0,393.17,126.87,85.06,1,-1,-1,-1
563,17,838.61,327.89,73.54,61.16,1,-1,-1,-1
564,16,629.33,396.16,130.07,86.55,1,-1,-1,-1
564,17,833.92,329.17,74.6,62.44,1,-1,-1,-1
565,16,618.67,399.15,133.26,88.04,1,-1,-1,-1
565,17,829.23,330.45,75.66,63.72,1,-1,-1,-1
566,16,608.0,402.13,136.47,89.54,1,-1,-1,-1
566,17,824.53,331.73,76.74,65.0,1,-1,-1,-1
567,16,596.27,405.33,138.81,91.88,1,-1,-1,-1
567,17,819.63,333.01,78.44,65.86,1,-1,-1,-1
568,16,584.53,408.53,141.16,94.23,1,-1,-1,-1
568,17,814.72,334.29,80.15,66.71,1,-1,-1,-1
569,16,572.8,411.73,143.51,96.58,1,-1,-1,-1
569,17,809.81,335.57,81.86,67.56,1,-1,-1,-1
570,16,561.07,414.93,145.85,98.92,1,-1,-1,-1
570,17,804.91,336.85,83.56,68.42,1,-1,-1,-1
571,16,549.33,418.13,148.2,101.27,1,-1,-1,-1
571,17,800.0,338.13,85.27,69.27,1,-1,-1,-1
571,18,916.27,304.0,44.73,45.8,1,-1,-1,-1
572,16,532.69,423.25,153.75,99.78,1,-1,-1,-1
572,17,794.03,340.48,86.54,69.91,1,-1,-1,-1
572,18,913.71,304.43,47.29,46.44,1,-1,-1,-1
573,16,516.05,428.37,159.3,98.28,1,-1,-1,-1
573,17,788.05,342.83,87.83,70.54,1,-1,-1,-1
573,18,911.15,304.85,49.85,47.08,1,-1,-1,-1
574,16,499.41,433.49,164.84,96.79,1,-1,-1,-1
574,17,782.08,345.17,89.11,71.19,1,-1,-1,-1
574,18,908.59,305.28,52.41,47.72,1,-1,-1,-1
575,16,482.77,438.61,170.39,95.3,1,-1,-1,-1
575,17,776.11,347.52,90.38,71.83,1,-1,-1,-1
575,18,906.03,305.71,54.97,48.36,1,-1,-1,-1
576,16,466.13,443.73,175.94,97.27,1,-1,-1,-1
576,17,770.13,349.87,91.67,72.46,1,-1,-1,-1
576,18,903.47,306.13,57.53,49.0,1,-1,-1,-1
577,16,450.77,448.64,178.28,92.36,1,-1,-1,-1
577,17,763.09,351.79,93.38,74.6,1,-1,-1,-1
577,18,900.27,306.99,60.73,50.49,1,-1,-1,-1
578,16,435.41,453.55,180.63,87.45,1,-1,-1,-1
578,17,756.05,353.71,95.08,76.73,1,-1,-1,-1
578,18,897.07,307.84,63.93,51.99,1,-1,-1,-1
579,16,420.05,458.45,182.98,82.55,1,-1,-1,-1
579,17,749.01,355.63,96.79,78.86,1,-1,-1,-1
579,18,893.87,308.69,67.13,53.48,1,-1,-1,-1
580,16,404.69,463.36,185.32,77.64,1,-1,-1,-1
580,17,741.97,357.55,98.5,81.0,1,-1,-1,-1
580,18,890.67,309.55,70.33,54.97,1,-1,-1,-1
581,16,389.33,468.27,187.67,72.73,1,-1,-1,-1
581,17,734.93,359.47,100.2,83.13,1,-1,-1,-1
581,18,887.47,310.4,73.53,56.47,1,-1,-1,-1
582,16,375.68,475.31,184.68,65.69,1,-1,-1,-1
582,17,726.61,362.03,102.98,84.62,1,-1,-1,-1
582,18,885.12,311.68,75.88,56.68,1,-1,-1,-1
583,16,362.03,482.35,181.69,58.65,1,-1,-1,-1
583,17,718.29,364.59,105.75,86.12,1,-1,-1,-1
583,18,882.77,312.96,78.23,56.89,1,-1,-1,-1
584,16,348.37,489.39,178.71,51.61,1,-1,-1,-1
584,17,709.97,367.15,108.52,87.61,1,-1,-1,-1
584,18,880.43,314.24,80.57,57.11,1,-1,-1,-1
585,16,334.72,496.43,175.72,44.57,1,-1,-1,-1
585,17,701.65,369.71,111.3,89.1,1,-1,-1,-1
585,18,878.08,315.52,82.92,57.32,1,-1,-1,-1
586,16,321.07,503.47,172.73,37.53,1,-1,-1,-1
586,17,693.33,372.27,114.07,90.6,1,-1,-1,-1
586,18,875.73,316.8,85.27,57.53,1,-1,-1,-1
587,17,684.37,375.25,115.78,91.88,1,-1,-1,-1
587,18,871.68,317.65,75.67,57.54,1,-1,-1,-1
588,17,675.41,378.24,117.48,93.16,1,-1,-1,-1
588,18,867.63,318.51,76.73,57.53,1,-1,-1,-1
589,17,666.45,381.23,119.19,94.44,1,-1,-1,-1
589,18,863.57,319.36,77.8,57.53,1,-1,-1,-1
590,17,657.49,384.21,120.9,95.72,1,-1,-1,-1
590,18,859.52,320.21,78.87,57.54,1,-1,-1,-1
591,17,648.53,387.2,122.6,97.0,1,-1,-1,-1
591,18,855.47,321.07,79.93,57.53,1,-1,-1,-1
592,17,636.37,390.4,126.44,99.77,1,-1,-1,-1
592,18,851.84,322.77,80.57,58.18,1,-1,-1,-1
593,17,624.21,393.6,130.28,102.55,1,-1,-1,-1
593,18,848.21,324.48,81.22,58.81,1,-1,-1,-1
594,17,612.05,396.8,134.12,105.32,1,-1,-1,-1
594,18,844.59,326.19,81.85,59.45,1,-1,-1,-1
595,17,599.89,400.0,137.96,108.09,1,-1,-1,-1
595,18,840.96,327.89,82.49,60.1,1,-1,-1,-1
596,17,587.73,403.2,141.8,110.87,1,-1,-1,-1
596,18,837.33,329.6,83.14,60.73,1,-1,-1,-1
597,17,574.08,408.11,145.21,110.22,1,-1,-1,-1
597,18,833.49,331.09,83.78,61.38,1,-1,-1,-1
598,17,560.43,413.01,148.62,109.59,1,-1,-1,-1
598,18,829.65,332.59,84.42,62.01,1,-1,-1,-1
599,17,546.77,417.92,152.04,108.95,1,-1,-1,-1
599,18,825.81,334.08,85.06,62.65,1,-1,-1,-1
600,17,533.12,422.83,155.45,108.3,1,-1,-1,-1
600,18,821.97,335.57,85.7,63.3,1,-1,-1,-1
601,17,519.47,427.73,158.86,113.27,1,-1,-1,-1
601,18,818.13,337.07,86.34,63.93,1,-1,-1,-1
602,17,503.04,432.43,163.99,108.57,1,-1,-1,-1
602,18,812.8,338.77,87.83,65.22,1,-1,-1,-1
602,19,913.49,306.56,47.51,37.05,1,-1,-1,-1
603,17,486.61,437.12,169.11,103.88,1,-1,-1,-1
603,18,807.47,340.48,89.32,66.49,1,-1,-1,-1
603,19,910.72,306.99,50.28,37.9,1,-1,-1,-1
604,17,470.19,441.81,174.22,99.19,1,-1,-1,-1
604,18,802.13,342.19,90.82,67.77,1,-1,-1,-1
604,19,907.95,307.41,53.05,38.76,1,-1,-1,-1
605,17,453.76,446.51,179.35,94.49,1,-1,-1,-1
605,18,796.8,343.89,92.31,69.06,1,-1,-1,-1
605,19,905.17,307.84,55.83,39.61,1,-1,-1,-1
606,17,437.33,451.2,184.47,89.8,1,-1,-1,-1
606,18,791.47,345.6,93.8,70.33,1,-1,-1,-1
606,19,902.4,308.27,58.6,40.46,1,-1,-1,-1
607,17,428.16,456.75,178.49,84.25,1,-1,-1,-1
607,18,785.49,346.88,95.94,71.19,1,-1,-1,-1
607,19,898.56,309.12,62.44,40.89,1,-1,-1,-1
608,17,418.99,462.29,172.52,78.71,1,-1,-1,-1
608,18,779.52,348.16,98.07,72.04,1,-1,-1,-1
608,19,894.72,309.97,66.28,41.32,1,-1,-1,-1
609,17,409.81,467.84,166.55,73.16,1,-1,-1,-1
609,18,773.55,349.44,100.2,72.89,1,-1,-1,-1
609,19,890.88,310.83,70.12,41.74,1,-1,-1,-1
610,17,400.64,473.39,160.57,67.61,1,-1,-1,-1
610,18,767.57,350.72,102.34,73.75,1,-1,-1,-1
610,19,887.04,311.68,73.96,42.17,1,-1,-1,-1
611,17,391.47,478.93,154.6,62.07,1,-1,-1,-1
611,18,761.6,352.0,104.47,74.6,1,-1,-1,-1
611,19,883.2,312.53,77.8,42.6,1,-1,-1,-1
612,17,373.12,485.55,151.4,55.45,1,-1,-1,-1
612,18,755.84,354.13,105.11,75.88,1,-1,-1,-1
612,19,879.36,314.03,67.77,42.6,1,-1,-1,-1
613,17,354.77,492.16,148.2,48.84,1,-1,-1,-1
613,18,750.08,356.27,105.75,77.16,1,-1,-1,-1
613,19,875.52,315.52,68.41,42.6,1,-1,-1,-1
614,17,336.43,498.77,145.0,42.23,1,-1,-1,-1
614,18,744.32,358.4,106.39,78.44,1,-1,-1,-1
614,19,871.68,317.01,69.05,42.6,1,-1,-1,-1
615,17,318.08,505.39,141.8,35.61,1,-1,-1,-1
615,18,738.56,360.53,107.03,79.72,1,-1,-1,-1
615,19,867.84,318.51,69.69,42.6,1,-1,-1,-1
616,17,299.73,512.0,138.6,29.0,1,-1,-1,-1
616,18,732.8,362.67,107.67,81.0,1,-1,-1,-1
616,19,864.0,320.0,70.33,42.6,1,-1,-1,-1
616,20,842.67,252.8,105.53,77.8,1,-1,-1,-1
617,18,724.91,364.8,110.22,83.56,1,-1,-1,-1
617,19,859.09,320.85,72.26,43.46,1,-1,-1,-1
617,20,841.17,253.01,106.6,77.59,1,-1,-1,-1
618,18,717.01,366.93,112.79,86.12,1,-1,-1,-1
618,19,854.19,321.71,74.17,44.3,1,-1,-1,-1
618,20,839.68,253.23,107.67,77.37,1,-1,-1,-1
619,18,709.12,369.07,115.35,88.68,1,-1,-1,-1
619,19,849.28,322.56,76.09,45.16,1,-1,-1,-1
619,20,838.19,253.44,108.73,77.16,1,-1,-1,-1
620,18,701.23,371.2,117.9,91.24,1,-1,-1,-1
620,19,844.37,323.41,78.02,46.02,1,-1,-1,-1
620,20,836.69,253.65,109.8,76.95,1,-1,-1,-1
621,18,693.33,373.33,120.47,93.8,1,-1,-1,-1
621,19,839.47,324.27,79.93,46.86,1,-1,-1,-1
621,20,835.2,253.87,110.87,76.73,1,-1,-1,-1
622,18,683.73,376.11,123.24,95.08,1,-1,-1,-1
622,19,834.13,325.12,80.58,47.72,1,-1,-1,-1
622,20,833.71,254.29,111.29,76.52,1,-1,-1,-1
623,18,674.13,378.88,126.02,96.36,1,-1,-1,-1
623,19,828.8,325.97,81.21,48.58,1,-1,-1,-1
623,20,832.21,254.72,111.72,76.31,1,-1,-1,-1
624,18,664.53,381.65,128.79,97.64,1,-1,-1,-1
624,19,823.47,326.83,81.85,49.42,1,-1,-1,-1
624,20,830.72,255.15,112.15,76.09,1,-1,-1,-1
625,18,654.93,384.43,131.56,98.92,1,-1,-1,-1
625,19,818.13,327.68,82.5,50.28,1,-1,-1,-1
625,20,829.23,255.57,112.57,75.88,1,-1,-1,-1
626,18,645.33,387.2,134.34,100.2,1,-1,-1,-1
626,19,812.8,328.53,83.13,51.14,1,-1,-1,-1
626,20,827.73,256.0,113.0,75.67,1,-1,-1,-1
627,18,634.03,390.19,138.6,102.76,1,-1,-1,-1
627,19,806.83,330.03,84.84,51.98,1,-1,-1,-1
627,20,824.96,256.64,115.13,77.16,1,-1,-1,-1
628,18,622.72,393.17,142.87,105.32,1,-1,-1,-1
628,19,800.85,331.52,86.55,52.84,1,-1,-1,-1
628,20,822.19,257.28,117.26,78.65,1,-1,-1,-1
629,18,611.41,396.16,147.14,107.88,1,-1,-1,-1
629,19,794.88,333.01,88.25,53.7,1,-1,-1,-1
629,20,819.41,257.92,119.4,80.15,1,-1,-1,-1
630,18,600.11,399.15,151.4,110.44,1,-1,-1,-1
630,19,788.91,334.51,89.96,54.54,1,-1,-1,-1
630,20,816.64,258.56,121.53,81.64,1,-1,-1,-1
631,18,588.8,402.13,155.67,113.0,1,-1,-1,-1
631,19,782.93,336.0,91.67,55.4,1,-1,-1,-1
631,20,813.87,259.2,123.66,83.13,1,-1,-1,-1
632,18,575.57,406.83,159.08,112.57,1,-1,-1,-1
632,19,777.17,337.71,92.74,55.4,1,-1,-1,-1
632,20,811.73,259.41,124.74,83.99,1,-1,-1,-1
633,18,562.35,411.52,162.49,112.15,1,-1,-1,-1
633,19,771.41,339.41,93.8,55.4,1,-1,-1,-1
633,20,809.6,259.63,125.8,84.84,1,-1,-1,-1
634,18,549.12,416.21,165.91,111.72,1,-1,-1,-1
634,19,765.65,341.12,94.87,55.4,1,-1,-1,-1
634,20,807.47,259.84,126.86,85.69,1,-1,-1,-1
635,18,535.89,420.91,169.32,111.29,1,-1,-1,-1
635,19,759.89,342.83,95.94,55.4,1,-1,-1,-1
635,20,805.33,260.05,127.94,86.55,1,-1,-1,-1
636,18,522.67,425.6,172.73,115.4,1,-1,-1,-1
636,19,754.13,344.53,97.0,55.4,1,-1,-1,-1
636,20,803.2,260.27,129.0,87.4,1,-1,-1,-1
637,18,509.23,429.65,174.65,111.35,1,-1,-1,-1
637,19,746.88,346.24,97.85,56.04,1,-1,-1,-1
637,20,800.85,260.27,130.71,88.25,1,-1,-1,-1
638,18,495.79,433.71,176.57,107.29,1,-1,-1,-1
638,19,739.63,347.95,98.7,56.68,1,-1,-1,-1
638,20,798.51,260.27,132.41,89.1,1,-1,-1,-1
639,18,482.35,437.76,178.49,103.24,1,-1,-1,-1
639,19,732.37,349.65,99.56,57.32,1,-1,-1,-1
639,20,796.16,260.27,134.12,89.96,1,-1,-1,-1
640,18,468.91,441.81,180.41,99.19,1,-1,-1,-1
640,19,725.12,351.36,100.41,57.96,1,-1,-1,-1
640,20,793.81,260.27,135.83,90.81,1,-1,-1,-1
641,18,455.47,445.87,182.33,95.13,1,-1,-1,-1
641,19,717.87,353.07,101.26,58.6,1,-1,-1,-1
641,20,791.47,260.27,137.53,91.66,1,-1,-1,-1
641,21,925.87,310.4,35.13,39.4,1,-1,-1,-1
642,18,443.52,451.2,181.48,89.8,1,-1,-1,-1
642,19,710.19,354.35,102.76,60.3,1,-1,-1,-1
642,20,789.12,260.27,138.6,92.73,1,-1,-1,-1
642,21,923.09,311.04,37.91,40.25,1,-1,-1,-1
643,18,431.57,456.53,180.63,84.47,1,-1,-1,-1
643,19,702.51,355.63,104.25,62.01,1,-1,-1,-1
643,20,786.77,260.27,139.67,93.8,1,-1,-1,-1
643,21,920.32,311.68,40.68,41.11,1,-1,-1,-1
644,18,419.63,461.87,179.77,79.13,1,-1,-1,-1
644,19,694.83,356.91,105.74,63.72,1,-1,-1,-1
644,20,784.43,260.27,140.73,94.86,1,-1,-1,-1
644,21,917.55,312.32,43.45,41.96,1,-1,-1,-1
645,18,407.68,467.2,178.92,73.8,1,-1,-1,-1
645,19,687.15,358.19,107.24,65.42,1,-1,-1,-1
645,20,782.08,260.27,141.8,95.93,1,-1,-1,-1
645,21,914.77,312.96,46.23,42.81,1,-1,-1,-1
646,18,395.73,472.53,178.07,68.47,1,-1,-1,-1
646,19,679.47,359.47,108.73,67.13,1,-1,-1,-1
646,20,779.73,260.27,142.87,97.0,1,-1,-1,-1
646,21,912.0,313.6,49.0,43.67,1,-1,-1,-1
647,18,380.8,478.29,173.59,62.71,1,-1,-1,-1
647,19,670.51,361.81,111.29,67.99,1,-1,-1,-1
647,20,777.17,261.12,144.36,96.36,1,-1,-1,-1
647,21,909.65,314.88,51.35,43.24,1,-1,-1,-1
648,18,365.87,484.05,169.1,56.95,1,-1,-1,-1
648,19,661.55,364.16,113.85,68.84,1,-1,-1,-1
648,20,774.61,261.97,145.86,95.72,1,-1,-1,-1
648,21,907.31,316.16,53.69,42.81,1,-1,-1,-1
649,18,350.93,489.81,164.63,51.19,1,-1,-1,-1
649,19,652.59,366.51,116.41,69.69,1,-1,-1,-1
649,20,772.05,262.83,147.35,95.08,1,-1,-1,-1
649,21,904.96,317.44,56.04,42.39,1,-1,-1,-1
650,18,336.0,495.57,160.15,45.43,1,-1,-1,-1
650,19,643.63,368.85,118.97,70.55,1,-1,-1,-1
650,20,769.49,263.68,148.84,94.44,1,-1,-1,-1
650,21,902.61,318.72,58.39,41.96,1,-1,-1,-1
651,18,321.07,501.33,155.66,39.67,1,-1,-1,-1
651,19,634.67,371.2,121.53,71.4,1,-1,-1,-1
651,20,766.93,264.53,150.34,93.8,1,-1,-1,-1
651,21,900.27,320.0,60.73,41.53,1,-1,-1,-1
652,19,624.64,373.97,124.31,72.26,1,-1,-1,-1
652,20,763.95,265.39,152.46,94.22,1,-1,-1,-1
652,21,896.85,321.49,64.15,42.18,1,-1,-1,-1
653,19,614.61,376.75,127.08,73.1,1,-1,-1,-1
653,20,760.96,266.24,154.6,94.65,1,-1,-1,-1
653,21,893.44,322.99,67.56,42.81,1,-1,-1,-1
654,19,604.59,379.52,129.85,73.96,1,-1,-1,-1
654,20,757.97,267.09,156.74,95.08,1,-1,-1,-1
654,21,890.03,324.48,70.97,43.45,1,-1,-1,-1
655,19,594.56,382.29,132.63,74.82,1,-1,-1,-1
655,20,754.99,267.95,158.86,95.5,1,-1,-1,-1
655,21,886.61,325.97,74.39,44.1,1,-1,-1,-1
656,19,584.53,385.07,135.4,75.66,1,-1,-1,-1
656,20,752.0,268.8,161.0,95.93,1,-1,-1,-1
656,21,883.2,327.47,77.8,44.73,1,-1,-1,-1
657,19,572.59,387.2,137.96,77.37,1,-1,-1,-1
657,20,748.37,268.8,163.14,97.43,1,-1,-1,-1
657,21,879.57,328.75,67.56,44.94,1,-1,-1,-1
658,19,560.64,389.33,140.52,79.08,1,-1,-1,-1
658,20,744.75,268.8,165.26,98.92,1,-1,-1,-1
658,21,875.95,330.03,69.05,45.16,1,-1,-1,-1
659,19,548.69,391.47,143.08,80.78,1,-1,-1,-1
659,20,741.12,268.8,167.4,100.41,1,-1,-1,-1
659,21,872.32,331.31,70.55,45.37,1,-1,-1,-1
660,19,536.75,393.6,145.64,82.49,1,-1,-1,-1
660,20,737.49,268.8,169.54,101.91,1,-1,-1,-1
660,21,868.69,332.59,72.04,45.58,1,-1,-1,-1
661,19,524.8,395.73,148.2,84.2,1,-1,-1,-1
661,20,733.87,268.8,171.66,103.4,1,-1,-1,-1
661,21,865.07,333.87,73.53,45.8,1,-1,-1,-1
662,19,512.0,399.79,152.89,85.69,1,-1,-1,-1
662,20,731.31,268.8,172.09,104.04,1,-1,-1,-1
662,21,861.23,335.15,74.17,47.29,1,-1,-1,-1
663,19,499.2,403.84,157.59,87.19,1,-1,-1,-1
663,20,728.75,268.8,172.52,104.68,1,-1,-1,-1
663,21,857.39,336.43,74.81,48.78,1,-1,-1,-1
664,19,486.4,407.89,162.28,88.68,1,-1,-1,-1
664,20,726.19,268.8,172.94,105.32,1,-1,-1,-1
664,21,853.55,337.71,75.45,50.28,1,-1,-1,-1
665,19,473.6,411.95,166.97,90.17,1,-1,-1,-1
665,20,723.63,268.8,173.37,105.96,1,-1,-1,-1
665,21,849.71,338.99,76.09,51.77,1,-1,-1,-1
666,19,460.8,416.0,171.67,91.67,1,-1,-1,-1
666,20,721.07,268.8,173.8,106.6,1,-1,-1,-1
666,21,845.87,340.27,76.73,53.26,1,-1,-1,-1
667,19,445.65,419.84,174.23,92.73,1,-1,-1,-1
667,20,717.65,269.87,176.36,107.24,1,-1,-1,-1
667,21,841.17,342.19,78.23,53.26,1,-1,-1,-1
668,19,430.51,423.68,176.78,93.8,1,-1,-1,-1
668,20,714.24,270.93,178.92,107.88,1,-1,-1,-1
668,21,836.48,344.11,79.72,53.26,1,-1,-1,-1
669,19,415.36,427.52,179.35,94.87,1,-1,-1,-1
669,20,710.83,272.0,181.48,108.52,1,-1,-1,-1
669,21,831.79,346.03,81.21,53.26,1,-1,-1,-1
670,19,400.21,431.36,181.91,95.93,1,-1,-1,-1
670,20,707.41,273.07,184.04,109.16,1,-1,-1,-1
670,21,827.09,347.95,82.71,53.26,1,-1,-1,-1
671,19,385.07,435.2,184.46,97.0,1,-1,-1,-1
671,20,704.0,274.13,186.6,109.8,1,-1,-1,-1
671,21,822.4,349.87,84.2,53.26,1,-1,-1,-1
671,22,922.67,307.2,38.33,37.27,1,-1,-1,-1
672,19,368.0,439.68,187.24,95.08,1,-1,-1,-1
672,20,699.31,273.92,188.73,111.72,1,-1,-1,-1
672,21,817.07,351.57,85.48,54.55,1,-1,-1,-1
672,22,920.11,307.84,40.89,38.33,1,-1,-1,-1
673,19,350.93,444.16,190.02,96.84,1,-1,-1,-1
673,20,694.61,273.71,190.87,113.64,1,-1,-1,-1
673,21,811.73,353.28,86.76,55.83,1,-1,-1,-1
673,22,917.55,308.48,43.45,39.4,1,-1,-1,-1
674,19,333.87,448.64,192.78,92.36,1,-1,-1,-1
674,20,689.92,273.49,193.0,115.56,1,-1,-1,-1
674,21,806.4,354.99,88.04,57.1,1,-1,-1,-1
674,22,914.99,309.12,46.01,40.47,1,-1,-1,-1
675,19,316.8,453.12,195.56,87.88,1,-1,-1,-1
675,20,685.23,273.28,195.13,117.48,1,-1,-1,-1
675,21,801.07,356.69,89.32,58.39,1,-1,-1,-1
675,22,912.43,309.76,48.57,41.53,1,-1,-1,-1
676,19,299.73,457.6,198.34,83.4,1,-1,-1,-1
676,20,680.53,273.07,197.27,119.4,1,-1,-1,-1
676,21,795.73,358.4,90.6,59.67,1,-1,-1,-1
676,22,909.87,310.4,51.13,42.6,1,-1,-1,-1
677,19,287.36,462.93,194.49,78.07,1,-1,-1,-1
677,20,676.27,273.71,200.04,120.68,1,-1,-1,-1
677,21,789.33,360.32,92.31,61.16,1,-1,-1,-1
677,22,907.52,311.04,53.48,43.03,1,-1,-1,-1
678,19,274.99,468.27,190.65,72.73,1,-1,-1,-1
678,20,672.0,274.35,202.81,121.96,1,-1,-1,-1
678,21,782.93,362.24,94.02,62.65,1,-1,-1,-1
678,22,905.17,311.68,55.83,43.45,1,-1,-1,-1
679,19,262.61,473.6,186.82,67.4,1,-1,-1,-1
679,20,667.73,274.99,205.59,123.24,1,-1,-1,-1
679,21,776.53,364.16,95.72,64.15,1,-1,-1,-1
679,22,902.83,312.32,58.17,43.88,1,-1,-1,-1
680,19,250.24,478.93,182.97,62.07,1,-1,-1,-1
680,20,663.47,275.63,208.36,124.52,1,-1,-1,-1
680,21,770.13,366.08,97.43,65.64,1,-1,-1,-1
680,22,900.48,312.96,60.52,44.31,1,-1,-1,-1
681,19,237.87,484.27,179.13,56.73,1,-1,-1,-1
681,20,659.2,276.27,211.13,125.8,1,-1,-1,-1
681,21,763.73,368.0,99.14,67.13,1,-1,-1,-1
681,22,898.13,313.6,62.87,44.73,1,-1,-1,-1
682,19,220.37,488.96,176.58,52.04,1,-1,-1,-1
682,20,653.44,276.69,214.12,126.66,1,-1,-1,-1
682,21,756.69,370.35,101.7,67.34,1,-1,-1,-1
682,22,895.57,315.31,65.43,44.3,1,-1,-1,-1
683,19,202.88,493.65,174.01,47.35,1,-1,-1,-1
683,20,647.68,277.12,217.11,127.51,1,-1,-1,-1
683,21,749.65,372.69,104.26,67.56,1,-1,-1,-1
683,22,893.01,317.01,67.99,43.88,1,-1,-1,-1
684,19,185.39,498.35,171.45,42.65,1,-1,-1,-1
684,20,641.92,277.55,220.09,128.36,1,-1,-1,-1
684,21,742.61,375.04,106.82,67.77,1,-1,-1,-1
684,22,890.45,318.72,70.55,43.45,1,-1,-1,-1
685,19,167.89,503.04,168.9,37.96,1,-1,-1,-1
685,20,636.16,277.97,223.08,129.22,1,-1,-1,-1
685,21,735.57,377.39,109.38,67.98,1,-1,-1,-1
685,22,887.89,320.43,73.11,43.02,1,-1,-1,-1
686,19,150.4,507.73,166.33,33.27,1,-1,-1,-1
686,20,630.4,278.4,226.07,130.07,1,-1,-1,-1
686,21,728.53,379.73,111.94,68.2,1,-1,-1,-1
686,22,885.33,322.13,75.67,42.6,1,-1,-1,-1
687,20,624.43,279.04,229.48,131.99,1,-1,-1,-1
687,21,720.0,382.29,113.85,70.12,1,-1,-1,-1
687,22,882.56,323.2,65.64,43.24,1,-1,-1,-1
688,20,618.45,279.68,232.9,133.91,1,-1,-1,-1
688,21,711.47,384.85,115.77,72.04,1,-1,-1,-1
688,22,879.79,324.27,66.28,43.88,1,-1,-1,-1
689,20,612.48,280.32,236.31,135.83,1,-1,-1,-1
689,21,702.93,387.41,117.7,73.96,1,-1,-1,-1
689,22,877.01,325.33,66.92,44.52,1,-1,-1,-1
690,20,606.51,280.96,239.72,137.75,1,-1,-1,-1
690,21,694.4,389.97,119.61,75.88,1,-1,-1,-1
690,22,874.24,326.4,67.56,45.16,1,-1,-1,-1
691,20,600.53,281.6,243.14,139.67,1,-1,-1,-1
691,21,685.87,392.53,121.53,77.8,1,-1,-1,-1
691,22,871.47,327.47,68.2,45.8,1,-1,-1,-1
692,20,594.13,282.03,247.4,142.01,1,-1,-1,-1
692,21,676.48,395.52,124.09,79.51,1,-1,-1,-1
692,22,868.27,328.32,68.84,46.65,1,-1,-1,-1
693,20,587.73,282.45,251.67,144.36,1,-1,-1,-1
693,21,667.09,398.51,126.66,81.21,1,-1,-1,-1
693,22,865.07,329.17,69.48,47.51,1,-1,-1,-1
694,20,581.33,282.88,255.94,146.71,1,-1,-1,-1
694,21,657.71,401.49,129.21,82.92,1,-1,-1,-1
694,22,861.87,330.03,70.12,48.36,1,-1,-1,-1
695,20,574.93,283.31,260.2,149.05,1,-1,-1,-1
695,21,648.32,404.48,131.77,84.63,1,-1,-1,-1
695,22,858.67,330.88,70.76,49.21,1,-1,-1,-1
696,20,568.53,283.73,264.47,151.4,1,-1,-1,-1
696,21,638.93,407.47,134.34,86.33,1,-1,-1,-1
696,22,855.47,331.73,71.4,50.07,1,-1,-1,-1
697,20,562.13,284.59,267.24,152.68,1,-1,-1,-1
697,21,627.63,411.52,137.53,87.83,1,-1,-1,-1
697,22,852.05,333.01,72.04,50.92,1,-1,-1,-1
698,20,555.73,285.44,270.02,153.96,1,-1,-1,-1
698,21,616.32,415.57,140.73,89.32,1,-1,-1,-1
698,22,848.64,334.29,72.68,51.78,1,-1,-1,-1
699,20,549.33,286.29,272.79,155.24,1,-1,-1,-1
699,21,605.01,419.63,143.94,90.81,1,-1,-1,-1
699,22,845.23,335.57,73.32,52.63,1,-1,-1,-1
700,20,542.93,287.15,275.56,156.52,1,-1,-1,-1
700,21,593.71,423.68,147.13,92.31,1,-1,-1,-1
700,22,841.81,336.85,73.96,53.48,1,-1,-1,-1
701,20,536.53,288.0,278.34,157.8,1,-1,-1,-1
701,21,582.4,427.73,150.33,93.8,1,-1,-1,-1
701,22,838.4,338.13,74.6,54.34,1,-1,-1,-1
702,20,526.93,288.85,285.16,160.79,1,-1,-1,-1
702,21,568.96,431.79,154.81,95.08,1,-1,-1,-1
702,22,834.13,340.05,75.67,54.55,1,-1,-1,-1
703,20,517.33,289.71,291.99,163.77,1,-1,-1,-1
703,21,555.52,435.84,159.29,96.36,1,-1,-1,-1
703,22,829.87,341.97,76.73,54.76,1,-1,-1,-1
704,20,507.73,290.56,298.82,166.76,1,-1,-1,-1
704,21,542.08,439.89,163.77,101.11,1,-1,-1,-1
704,22,825.6,343.89,77.8,54.98,1,-1,-1,-1
705,20,498.13,291.41,305.64,169.75,1,-1,-1,-1
705,21,528.64,443.95,168.25,97.05,1,-1,-1,-1
705,22,821.33,345.81,78.87,55.19,1,-1,-1,-1
706,20,488.53,292.27,312.47,172.73,1,-1,-1,-1
706,21,515.2,448.0,172.73,93.0,1,-1,-1,-1
706,22,817.07,347.73,79.93,55.4,1,-1,-1,-1
706,23,930.13,310.4,30.87,39.4,1,-1,-1,-1
707,20,480.0,293.55,317.37,174.01,1,-1,-1,-1
707,21,503.25,453.12,172.1,87.88,1,-1,-1,-1
707,22,812.16,349.65,81.43,55.83,1,-1,-1,-1
707,23,928.43,311.25,32.57,39.62,1,-1,-1,-1
708,20,471.47,294.83,322.28,175.29,1,-1,-1,-1
708,21,491.31,458.24,171.45,82.76,1,-1,-1,-1
708,22,807.25,351.57,82.92,56.26,1,-1,-1,-1
708,23,926.72,312.11,34.28,39.82,1,-1,-1,-1
709,20,462.93,296.11,327.19,176.57,1,-1,-1,-1
709,21,479.36,463.36,170.81,77.64,1,-1,-1,-1
709,22,802.35,353.49,84.41,56.68,1,-1,-1,-1
709,23,925.01,312.96,35.99,40.04,1,-1,-1,-1
710,20,454.4,297.39,332.09,177.85,1,-1,-1,-1
710,21,467.41,468.48,170.18,72.52,1,-1,-1,-1
710,22,797.44,355.41,85.91,57.11,1,-1,-1,-1
710,23,923.31,313.81,37.69,40.26,1,-1,-1,-1
711,20,445.87,298.67,337.0,179.13,1,-1,-1,-1
711,21,455.47,473.6,169.53,67.4,1,-1,-1,-1
711,22,792.53,357.33,87.4,57.54,1,-1,-1,-1
711,23,921.6,314.67,39.4,40.46,1,-1,-1,-1
712,20,435.84,298.88,343.4,183.4,1,-1,-1,-1
712,21,442.03,480.0,167.82,61.0,1,-1,-1,-1
712,22,787.2,359.04,88.68,59.03,1,-1,-1,-1
712,23,919.47,315.31,41.53,41.1,1,-1,-1,-1
713,20,425.81,299.09,349.8,187.67,1,-1,-1,-1
713,21,428.59,486.4,166.12,54.6,1,-1,-1,-1
713,22,781.87,360.75,89.96,60.52,1,-1,-1,-1
713,23,917.33,315.95,43.67,41.74,1,-1,-1,-1
714,20,415.79,299.31,356.2,191.93,1,-1,-1,-1
714,21,415.15,492.8,164.41,48.2,1,-1,-1,-1
714,22,776.53,362.45,91.24,62.02,1,-1,-1,-1
714,23,915.2,316.59,45.8,42.38,1,-1,-1,-1
715,20,405.76,299.52,362.6,196.2,1,-1,-1,-1
715,21,401.71,499.2,162.7,41.8,1,-1,-1,-1
715,22,771.2,364.16,92.52,63.51,1,-1,-1,-1
715,23,913.07,317.23,47.93,43.02,1,-1,-1,-1
716,20,395.73,299.73,369.0,200.47,1,-1,-1,-1
716,21,388.27,505.6,161.0,35.4,1,-1,-1,-1
716,22,765.87,365.87,93.8,65.0,1,-1,-1,-1
716,23,910.93,317.87,50.07,43.66,1,-1,-1,-1
717,20,383.15,300.16,376.89,204.31,1,-1,-1,-1
717,22,759.68,368.64,95.29,65.43,1,-1,-1,-1
717,23,908.37,319.15,52.63,43.66,1,-1,-1,-1
718,20,370.56,300.59,384.79,208.14,1,-1,-1,-1
718,22,753.49,371.41,96.79,65.86,1,-1,-1,-1
718,23,905.81,320.43,55.19,43.66,1,-1,-1,-1
719,20,357.97,301.01,392.68,211.99,1,-1,-1,-1
719,22,747.31,374.19,98.28,66.28,1,-1,-1,-1
719,23,903.25,321.71,57.75,43.66,1,-1,-1,-1
720,20,345.39,301.44,400.57,215.83,1,-1,-1,-1
720,22,741.12,376.96,99.77,66.71,1,-1,-1,-1
720,23,900.69,322.99,60.31,43.66,1,-1,-1,-1
721,20,332.8,301.87,408.47,219.66,1,-1,-1,-1
721,22,734.93,379.73,101.27,67.14,1,-1,-1,-1
721,23,898.13,324.27,62.87,43.66,1,-1,-1,-1
722,20,318.72,304.21,417.43,220.52,1,-1,-1,-1
722,22,727.47,382.08,103.82,68.63,1,-1,-1,-1
722,23,895.15,325.33,65.85,44.52,1,-1,-1,-1
723,20,304.64,306.56,426.39,221.37,1,-1,-1,-1
723,22,720.0,384.43,106.39,70.12,1,-1,-1,-1
723,23,892.16,326.4,68.84,45.37,1,-1,-1,-1
724,20,290.56,308.91,435.35,222.22,1,-1,-1,-1
724,22,712.53,386.77,108.95,71.62,1,-1,-1,-1
724,23,889.17,327.47,71.83,46.22,1,-1,-1,-1
725,20,276.48,311.25,444.31,223.08,1,-1,-1,-1
725,22,705.07,389.12,111.5,73.11,1,-1,-1,-1
725,23,886.19,328.53,74.81,47.08,1,-1,-1,-1
726,20,262.4,313.6,453.27,227.4,1,-1,-1,-1
726,22,697.6,391.47,114.07,74.6,1,-1,-1,-1
726,23,883.2,329.6,63.93,47.93,1,-1,-1,-1
727,20,248.11,314.45,461.8,226.55,1,-1,-1,-1
727,22,689.49,393.39,116.2,76.09,1,-1,-1,-1
727,23,879.57,330.24,65.22,48.36,1,-1,-1,-1
728,20,233.81,315.31,470.34,225.69,1,-1,-1,-1
728,22,681.39,395.31,118.33,77.58,1,-1,-1,-1
728,23,875.95,330.88,66.49,48.79,1,-1,-1,-1
729,20,219.52,316.16,478.87,224.84,1,-1,-1,-1
729,22,673.28,397.23,120.47,79.08,1,-1,-1,-1
729,23,872.32,331.52,67.77,49.21,1,-1,-1,-1
730,20,205.23,317.01,487.4,223.99,1,-1,-1,-1
730,22,665.17,399.15,122.6,80.57,1,-1,-1,-1
730,23,868.69,332.16,69.06,49.64,1,-1,-1,-1
731,20,190.93,317.87,495.94,223.13,1,-1,-1,-1
731,22,657.07,401.07,124.73,82.06,1,-1,-1,-1
731,23,865.07,332.8,70.33,50.07,1,-1,-1,-1
732,20,171.95,319.36,510.01,221.64,1,-1,-1,-1
732,22,647.25,404.91,128.15,83.13,1,-1,-1,-1
732,23,861.23,334.08,71.82,50.71,1,-1,-1,-1
733,20,152.96,320.85,524.09,220.15,1,-1,-1,-1
733,22,637.44,408.75,131.56,84.2,1,-1,-1,-1
733,23,857.39,335.36,73.32,51.35,1,-1,-1,-1
734,20,133.97,322.35,538.18,218.65,1,-1,-1,-1
734,22,627.63,412.59,134.97,85.26,1,-1,-1,-1
734,23,853.55,336.64,74.81,51.99,1,-1,-1,-1
735,20,114.99,323.84,552.25,217.16,1,-1,-1,-1
735,22,617.81,416.43,138.39,86.33,1,-1,-1,-1
735,23,849.71,337.92,76.3,52.63,1,-1,-1,-1
736,20,96.0,325.33,566.33,215.67,1,-1,-1,-1
736,22,608.0,420.27,141.8,87.4,1,-1,-1,-1
736,23,845.87,339.2,77.8,53.27,1,-1,-1,-1
736,24,885.33,282.67,55.4,40.46,1,-1,-1,-1
737,20,77.227,326.61,577.853,214.39,1,-1,-1,-1
737,22,596.05,424.53,145.64,90.6,1,-1,-1,-1
737,23,841.39,341.12,78.44,53.91,1,-1,-1,-1
737,24,882.77,283.52,56.04,40.47,1,-1,-1,-1
738,20,58.453,327.89,589.377,213.11,1,-1,-1,-1
738,22,584.11,428.8,149.48,93.8,1,-1,-1,-1
738,23,836.91,343.04,79.08,54.55,1,-1,-1,-1
738,24,880.21,284.37,56.68,40.47,1,-1,-1,-1
739,20,39.68,329.17,600.89,211.83,1,-1,-1,-1
739,22,572.16,433.07,153.32,97.0,1,-1,-1,-1
739,23,832.43,344.96,79.72,55.19,1,-1,-1,-1
739,24,877.65,285.23,57.32,40.46,1,-1,-1,-1
740,20,20.907,330.45,612.413,210.55,1,-1,-1,-1
740,22,560.21,437.33,157.16,103.67,1,-1,-1,-1
740,23,827.95,346.88,80.36,55.83,1,-1,-1,-1
740,24,875.09,286.08,57.96,40.47,1,-1,-1,-1
741,20,1.0,331.73,625.07,209.27,1,-1,-1,-1
741,22,548.27,441.6,161.0,99.4,1,-1,-1,-1
741,23,823.47,348.8,81.0,56.47,1,-1,-1,-1
741,24,872.53,286.93,58.6,40.47,1,-1,-1,-1
742,20,1.0,334.29,616.32,206.71,1,-1,-1,-1
742,22,535.89,445.65,163.78,95.35,1,-1,-1,-1
742,23,818.77,350.93,82.28,57.32,1,-1,-1,-1
742,24,869.55,287.79,60.3,40.89,1,-1,-1,-1
742,25,913.92,307.63,47.08,37.9,1,-1,-1,-1
743,20,1.0,336.85,607.57,204.15,1,-1,-1,-1
743,22,523.52,449.71,166.55,91.29,1,-1,-1,-1
743,23,814.08,353.07,83.56,58.17,1,-1,-1,-1
743,24,866.56,288.64,62.01,41.32,1,-1,-1,-1
743,25,911.57,309.12,49.43,38.55,1,-1,-1,-1
744,20,1.0,339.41,598.83,201.59,1,-1,-1,-1
744,22,511.15,453.76,169.32,87.24,1,-1,-1,-1
744,23,809.39,355.2,84.84,59.03,1,-1,-1,-1
744,24,863.57,289.49,63.72,41.75,1,-1,-1,-1
744,25,909.23,310.61,51.77,39.19,1,-1,-1,-1
745,20,1.0,341.97,590.08,199.03,1,-1,-1,-1
745,22,498.77,457.81,172.1,83.19,1,-1,-1,-1
745,23,804.69,357.33,86.12,59.88,1,-1,-1,-1
745,24,860.59,290.35,65.42,42.17,1,-1,-1,-1
745,25,906.88,312.11,54.12,39.82,1,-1,-1,-1
746,20,1.0,344.53,581.33,196.47,1,-1,-1,-1
746,22,486.4,461.87,174.87,79.13,1,-1,-1,-1
746,23,800.0,359.47,87.4,60.73,1,-1,-1,-1
746,24,857.6,291.2,67.13,42.6,1,-1,-1,-1
746,25,904.53,313.6,56.47,40.47,1,-1,-1,-1
747,20,1.0,347.31,571.95,193.69,1,-1,-1,-1
747,22,474.45,466.99,174.87,74.01,1,-1,-1,-1
747,23,794.45,360.75,88.68,62.65,1,-1,-1,-1
747,24,855.89,291.63,66.28,42.81,1,-1,-1,-1
747,25,901.97,314.24,59.03,41.32,1,-1,-1,-1
748,20,1.0,350.08,562.56,190.92,1,-1,-1,-1
748,22,462.51,472.11,174.86,68.89,1,-1,-1,-1
748,23,788.91,362.03,89.96,64.57,1,-1,-1,-1
748,24,854.19,292.05,65.42,43.03,1,-1,-1,-1
748,25,899.41,314.88,61.59,42.17,1,-1,-1,-1
749,20,1.0,352.85,553.17,188.15,1,-1,-1,-1
749,22,450.56,477.23,174.87,63.77,1,-1,-1,-1
749,23,783.36,363.31,91.24,66.49,1,-1,-1,-1
749,24,852.48,292.48,64.57,43.24,1,-1,-1,-1
749,25,896.85,315.52,64.15,43.03,1,-1,-1,-1
750,20,1.0,355.63,543.79,185.37,1,-1,-1,-1
750,22,438.61,482.35,174.87,58.65,1,-1,-1,-1
750,23,777.81,364.59,92.52,68.41,1,-1,-1,-1
750,24,850.77,292.91,63.72,43.45,1,-1,-1,-1
750,25,894.29,316.16,66.71,43.88,1,-1,-1,-1
751,20,1.0,358.4,534.4,182.6,1,-1,-1,-1
751,22,426.67,487.47,174.86,53.53,1,-1,-1,-1
751,23,772.27,365.87,93.8,70.33,1,-1,-1,-1
751,24,849.07,293.33,62.86,43.67,1,-1,-1,-1
751,25,891.73,316.8,69.27,44.73,1,-1,-1,-1
752,20,1.0,359.68,523.73,181.32,1,-1,-1,-1
752,22,418.13,493.44,166.55,47.56,1,-1,-1,-1
752,23,765.44,368.64,95.51,71.19,1,-1,-1,-1
752,24,846.93,293.97,63.3,44.31,1,-1,-1,-1
752,25,888.32,318.08,72.68,44.73,1,-1,-1,-1
753,20,1.0,360.96,513.07,180.04,1,-1,-1,-1
753,22,409.6,499.41,158.23,41.59,1,-1,-1,-1
753,23,758.61,371.41,97.22,72.04,1,-1,-1,-1
753,24,844.8,294.61,63.72,44.95,1,-1,-1,-1
753,25,884.91,319.36,76.09,44.73,1,-1,-1,-1
754,20,1.0,362.24,502.4,178.76,1,-1,-1,-1
754,22,401.07,505.39,149.9,35.61,1,-1,-1,-1
754,23,751.79,374.19,98.92,72.89,1,-1,-1,-1
754,24,842.67,295.25,64.14,45.59,1,-1,-1,-1
754,25,881.49,320.64,66.71,44.73,1,-1,-1,-1
755,20,1.0,363.52,491.73,177.48,1,-1,-1,-1
755,22,392.53,511.36,141.59,29.64,1,-1,-1,-1
755,23,744.96,376.96,100.63,73.75,1,-1,-1,-1
755,24,840.53,295.89,64.58,46.23,1,-1,-1,-1
755,25,878.08,321.92,67.99,44.73,1,-1,-1,-1
756,20,1.0,364.8,481.07,176.2,1,-1,-1,-1
756,22,384.0,517.33,133.27,23.67,1,-1,-1,-1
756,23,738.13,379.73,102.34,74.6,1,-1,-1,-1
756,24,838.4,296.53,65.0,46.87,1,-1,-1,-1
756,25,874.67,323.2,69.26,44.73,1,-1,-1,-1
757,20,1.0,366.08,468.91,174.92,1,-1,-1,-1
757,23,730.24,382.29,105.11,75.67,1,-1,-1,-1
757,24,834.99,297.17,66.06,47.3,1,-1,-1,-1
757,25,871.47,324.48,70.33,44.95,1,-1,-1,-1
758,20,1.0,367.36,456.75,173.64,1,-1,-1,-1
758,23,722.35,384.85,107.88,76.74,1,-1,-1,-1
758,24,831.57,297.81,67.14,47.72,1,-1,-1,-1
758,25,868.27,325.76,71.4,45.16,1,-1,-1,-1
759,20,1.0,368.64,444.59,172.36,1,-1,-1,-1
759,23,714.45,387.41,110.66,77.8,1,-1,-1,-1
759,24,828.16,298.45,68.2,48.15,1,-1,-1,-1
759,25,865.07,327.04,72.46,45.37,1,-1,-1,-1
760,20,1.0,369.92,432.43,171.08,1,-1,-1,-1
760,23,706.56,389.97,113.43,78.87,1,-1,-1,-1
760,24,824.75,299.09,69.26,48.58,1,-1,-1,-1
760,25,861.87,328.32,73.53,45.59,1,-1,-1,-1
761,20,1.0,371.2,420.27,169.8,1,-1,-1,-1
761,23,698.67,392.53,116.2,79.94,1,-1,-1,-1
761,24,821.33,299.73,70.34,49.0,1,-1,-1,-1
761,25,858.67,329.6,74.6,45.8,1,-1,-1,-1
762,20,1.0,373.97,405.12,167.03,1,-1,-1,-1
762,23,689.92,395.09,118.55,82.5,1,-1,-1,-1
762,24,818.56,300.8,71.19,49.21,1,-1,-1,-1
762,25,854.61,330.24,75.67,47.29,1,-1,-1,-1
763,20,1.0,376.75,389.97,164.25,1,-1,-1,-1
763,23,681.17,397.65,120.9,85.06,1,-1,-1,-1
763,24,815.79,301.87,72.04,49.42,1,-1,-1,-1
763,25,850.56,330.88,76.73,48.79,1,-1,-1,-1
764,20,1.0,379.52,374.83,161.48,1,-1,-1,-1
764,23,672.43,400.21,123.24,87.62,1,-1,-1,-1
764,24,813.01,302.93,72.9,49.64,1,-1,-1,-1
764,25,846.51,331.52,77.8,50.28,1,-1,-1,-1
765,20,1.0,382.29,359.68,158.71,1,-1,-1,-1
765,23,663.68,402.77,125.59,90.18,1,-1,-1,-1
765,24,810.24,304.0,73.75,49.85,1,-1,-1,-1
765,25,842.45,332.16,78.87,51.77,1,-1,-1,-1
766,20,1.0,385.07,344.53,155.93,1,-1,-1,-1
766,23,654.93,405.33,127.94,92.74,1,-1,-1,-1
766,24,807.47,305.07,74.6,50.06,1,-1,-1,-1
766,25,838.4,332.8,79.93,53.27,1,-1,-1,-1
767,20,1.0,389.12,327.68,151.88,1,-1,-1,-1
767,23,644.05,408.96,130.71,94.65,1,-1,-1,-1
767,24,804.48,305.92,75.03,50.71,1,-1,-1,-1
767,25,834.56,334.08,80.79,53.27,1,-1,-1,-1
768,20,1.0,393.17,310.83,147.83,1,-1,-1,-1
768,23,633.17,412.59,133.48,96.57,1,-1,-1,-1
768,24,801.49,306.77,75.46,51.35,1,-1,-1,-1
768,25,830.72,335.36,81.64,53.27,1,-1,-1,-1
769,20,1.0,397.23,293.97,143.77,1,-1,-1,-1
769,23,622.29,416.21,136.26,98.5,1,-1,-1,-1
769,24,798.51,307.63,75.88,51.98,1,-1,-1,-1
769,25,826.88,336.64,82.49,53.27,1,-1,-1,-1
770,20,1.0,401.28,277.12,139.72,1,-1,-1,-1
770,23,611.41,419.84,139.03,100.41,1,-1,-1,-1
770,24,795.52,308.48,76.31,52.63,1,-1,-1,-1
770,25,823.04,337.92,83.35,53.27,1,-1,-1,-1
771,20,1.0,405.33,260.27,135.67,1,-1,-1,-1
771,23,600.53,423.47,141.8,102.33,1,-1,-1,-1
771,24,792.53,309.33,76.74,53.27,1,-1,-1,-1
771,25,819.2,339.2,84.2,53.27,1,-1,-1,-1
772,20,1.0,408.32,238.08,132.68,1,-1,-1,-1
772,23,587.73,427.31,145.22,102.97,1,-1,-1,-1
772,24,788.27,309.76,77.8,53.91,1,-1,-1,-1
772,25,814.29,341.12,85.91,53.69,1,-1,-1,-1
773,20,1.0,411.31,215.89,129.69,1,-1,-1,-1
773,23,574.93,431.15,148.63,103.61,1,-1,-1,-1
773,24,784.0,310.19,78.87,54.54,1,-1,-1,-1
773,25,809.39,343.04,87.61,54.12,1,-1,-1,-1
774,20,1.0,414.29,193.71,126.71,1,-1,-1,-1
774,23,562.13,434.99,152.04,106.01,1,-1,-1,-1
774,24,779.73,310.61,79.94,55.19,1,-1,-1,-1
774,25,804.48,344.96,89.32,54.55,1,-1,-1,-1
775,20,1.0,417.28,171.52,123.72,1,-1,-1,-1
775,23,549.33,438.83,155.46,102.17,1,-1,-1,-1
775,24,775.47,311.04,81.0,55.83,1,-1,-1,-1
775,25,799.57,346.88,91.03,54.97,1,-1,-1,-1
776,20,1.0,420.27,149.33,120.73,1,-1,-1,-1
776,23,536.53,442.67,158.87,98.33,1,-1,-1,-1
776,24,771.2,311.47,82.07,56.46,1,-1,-1,-1
776,25,794.67,348.8,92.73,55.4,1,-1,-1,-1
777,23,521.81,448.0,163.35,93.0,1,-1,-1,-1
777,24,767.36,312.53,82.71,56.68,1,-1,-1,-1
777,25,789.33,350.29,94.02,56.26,1,-1,-1,-1
778,23,507.09,453.33,167.83,87.67,1,-1,-1,-1
778,24,763.52,313.6,83.35,56.89,1,-1,-1,-1
778,25,784.0,351.79,95.29,57.1,1,-1,-1,-1
779,23,492.37,458.67,172.31,82.33,1,-1,-1,-1
779,24,759.68,314.67,83.99,57.1,1,-1,-1,-1
779,25,778.67,353.28,96.57,57.96,1,-1,-1,-1
780,23,477.65,464.0,176.79,77.0,1,-1,-1,-1
780,24,755.84,315.73,84.63,57.32,1,-1,-1,-1
780,25,773.33,354.77,97.86,58.82,1,-1,-1,-1
781,23,462.93,469.33,181.27,71.67,1,-1,-1,-1
781,24,752.0,316.8,85.27,57.53,1,-1,-1,-1
781,25,768.0,356.27,99.13,59.66,1,-1,-1,-1
782,23,455.04,475.31,173.8,65.69,1,-1,-1,-1
782,24,747.52,317.87,86.12,58.38,1,-1,-1,-1
782,25,762.03,357.97,100.62,61.16,1,-1,-1,-1
783,23,447.15,481.28,166.33,59.72,1,-1,-1,-1
783,24,743.04,318.93,86.97,59.24,1,-1,-1,-1
783,25,756.05,359.68,102.12,62.65,1,-1,-1,-1
784,23,439.25,487.25,158.87,53.75,1,-1,-1,-1
784,24,738.56,320.0,87.83,60.09,1,-1,-1,-1
784,25,750.08,361.39,103.61,64.14,1,-1,-1,-1
785,23,431.36,493.23,151.4,47.77,1,-1,-1,-1
785,24,734.08,321.07,88.68,60.94,1,-1,-1,-1
785,25,744.11,363.09,105.1,65.64,1,-1,-1,-1
786,23,423.47,499.2,143.93,41.8,1,-1,-1,-1
786,24,729.6,322.13,89.53,61.8,1,-1,-1,-1
786,25,738.13,364.8,106.6,67.13,1,-1,-1,-1
787,24,724.27,323.41,91.66,61.8,1,-1,-1,-1
787,25,731.31,366.93,108.09,68.84,1,-1,-1,-1
788,24,718.93,324.69,93.8,61.8,1,-1,-1,-1
788,25,724.48,369.07,109.59,70.54,1,-1,-1,-1
789,24,713.6,325.97,95.93,61.8,1,-1,-1,-1
789,25,717.65,371.2,111.08,72.25,1,-1,-1,-1
790,24,708.27,327.25,98.06,61.8,1,-1,-1,-1
790,25,710.83,373.33,112.57,73.96,1,-1,-1,-1
791,24,702.93,328.53,100.2,61.8,1,-1,-1,-1
791,25,704.0,375.47,114.07,75.66,1,-1,-1,-1
792,24,697.81,330.03,101.27,62.22,1,-1,-1,-1
792,25,695.04,378.24,116.84,76.31,1,-1,-1,-1
793,24,692.69,331.52,102.34,62.65,1,-1,-1,-1
793,25,686.08,381.01,119.61,76.95,1,-1,-1,-1
794,24,687.57,333.01,103.4,63.08,1,-1,-1,-1
794,25,677.12,383.79,122.39,77.58,1,-1,-1,-1
795,24,682.45,334.51,104.47,63.5,1,-1,-1,-1
795,25,668.16,386.56,125.16,78.23,1,-1,-1,-1
796,24,677.33,336.0,105.54,63.93,1,-1,-1,-1
796,25,659.2,389.33,127.93,78.87,1,-1,-1,-1
797,24,671.15,337.71,106.81,65.0,1,-1,-1,-1
797,25,649.81,391.89,131.14,81.22,1,-1,-1,-1
798,24,664.96,339.41,108.09,66.07,1,-1,-1,-1
798,25,640.43,394.45,134.33,83.56,1,-1,-1,-1
799,24,658.77,341.12,109.38,67.13,1,-1,-1,-1
799,25,631.04,397.01,137.53,85.91,1,-1,-1,-1
800,24,652.59,342.83,110.65,68.2,1,-1,-1,-1
800,25,621.65,399.57,140.74,88.26,1,-1,-1,-1
801,24,646.4,344.53,111.93,69.27,1,-1,-1,-1
801,25,612.27,402.13,143.93,90.6,1,-1,-1,-1
801,26,916.27,306.13,44.73,46.87,1,-1,-1,-1
802,24,639.36,346.24,113.64,70.55,1,-1,-1,-1
802,25,601.17,405.76,146.71,92.09,1,-1,-1,-1
802,26,913.49,306.56,47.51,47.51,1,-1,-1,-1
803,24,632.32,347.95,115.35,71.82,1,-1,-1,-1
803,25,590.08,409.39,149.48,93.58,1,-1,-1,-1
803,26,910.72,306.99,50.28,48.14,1,-1,-1,-1
804,24,625.28,349.65,117.05,73.11,1,-1,-1,-1
804,25,578.99,413.01,152.25,95.08,1,-1,-1,-1
804,26,907.95,307.41,53.05,48.79,1,-1,-1,-1
805,24,618.24,351.36,118.76,74.39,1,-1,-1,-1
805,25,567.89,416.64,155.03,96.57,1,-1,-1,-1
805,26,905.17,307.84,55.83,49.43,1,-1,-1,-1
806,24,611.2,353.07,120.47,75.66,1,-1,-1,-1
806,25,556.8,420.27,157.8,98.06,1,-1,-1,-1
806,26,902.4,308.27,58.6,50.06,1,-1,-1,-1
807,24,603.52,354.77,123.24,76.74,1,-1,-1,-1
807,25,542.93,424.53,161.43,99.99,1,-1,-1,-1
807,26,900.91,309.12,60.09,50.28,1,-1,-1,-1
808,24,595.84,356.48,126.01,77.8,1,-1,-1,-1
808,25,529.07,428.8,165.05,101.91,1,-1,-1,-1
808,26,899.41,309.97,61.59,50.5,1,-1,-1,-1
809,24,588.16,358.19,128.79,78.86,1,-1,-1,-1
809,25,515.2,433.07,168.68,107.93,1,-1,-1,-1
809,26,897.92,310.83,63.08,50.7,1,-1,-1,-1
810,24,580.48,359.89,131.56,79.94,1,-1,-1,-1
810,25,501.33,437.33,172.31,103.67,1,-1,-1,-1
810,26,896.43,311.68,64.57,50.92,1,-1,-1,-1
811,24,572.8,361.6,134.33,81.0,1,-1,-1,-1
811,25,487.47,441.6,175.93,99.4,1,-1,-1,-1
811,26,894.93,312.53,66.07,51.14,1,-1,-1,-1
812,24,563.2,363.52,137.11,83.56,1,-1,-1,-1
812,25,472.11,446.29,181.26,94.71,1,-1,-1,-1
812,26,891.52,313.6,69.48,51.77,1,-1,-1,-1
813,24,553.6,365.44,139.88,86.12,1,-1,-1,-1
813,25,456.75,450.99,186.6,90.01,1,-1,-1,-1
813,26,888.11,314.67,72.89,52.41,1,-1,-1,-1
814,24,544.0,367.36,142.65,88.68,1,-1,-1,-1
814,25,441.39,455.68,191.93,85.32,1,-1,-1,-1
814,26,884.69,315.73,76.31,53.06,1,-1,-1,-1
815,24,534.4,369.28,145.43,91.24,1,-1,-1,-1
815,25,426.03,460.37,197.26,80.63,1,-1,-1,-1
815,26,881.28,316.8,79.72,53.69,1,-1,-1,-1
816,24,524.8,371.2,148.2,93.8,1,-1,-1,-1
816,25,410.67,465.07,202.6,75.93,1,-1,-1,-1
816,26,877.87,317.87,83.13,54.33,1,-1,-1,-1
817,24,514.35,373.33,150.97,96.36,1,-1,-1,-1
817,25,399.57,470.61,199.19,70.39,1,-1,-1,-1
817,26,874.88,318.29,73.75,55.19,1,-1,-1,-1
818,24,503.89,375.47,153.75,98.92,1,-1,-1,-1
818,25,388.48,476.16,195.77,64.84,1,-1,-1,-1
818,26,871.89,318.72,75.03,56.04,1,-1,-1,-1
819,24,493.44,377.6,156.52,101.48,1,-1,-1,-1
819,25,377.39,481.71,192.36,59.29,1,-1,-1,-1
819,26,868.91,319.15,76.3,56.89,1,-1,-1,-1
820,24,482.99,379.73,159.29,104.04,1,-1,-1,-1
820,25,366.29,487.25,188.95,53.75,1,-1,-1,-1
820,26,865.92,319.57,77.59,57.75,1,-1,-1,-1
821,24,472.53,381.87,162.07,106.6,1,-1,-1,-1
821,25,355.2,492.8,185.53,48.2,1,-1,-1,-1
821,26,862.93,320.0,78.87,58.6,1,-1,-1,-1
822,24,459.95,384.85,166.33,108.74,1,-1,-1,-1
822,26,859.31,321.49,79.72,59.03,1,-1,-1,-1
823,24,447.36,387.84,170.6,110.87,1,-1,-1,-1
823,26,855.68,322.99,80.57,59.45,1,-1,-1,-1
824,24,434.77,390.83,174.87,113.0,1,-1,-1,-1
824,26,852.05,324.48,81.43,59.88,1,-1,-1,-1
825,24,422.19,393.81,179.13,115.14,1,-1,-1,-1
825,26,848.43,325.97,82.28,60.31,1,-1,-1,-1
826,24,409.6,396.8,183.4,117.27,1,-1,-1,-1
826,26,844.8,327.47,83.13,60.73,1,-1,-1,-1
827,24,395.31,399.79,187.88,119.18,1,-1,-1,-1
827,26,840.32,328.11,84.84,62.65,1,-1,-1,-1
828,24,381.01,402.77,192.36,121.11,1,-1,-1,-1
828,26,835.84,328.75,86.55,64.57,1,-1,-1,-1
829,24,366.72,405.76,196.84,123.03,1,-1,-1,-1
829,26,831.36,329.39,88.25,66.49,1,-1,-1,-1
830,24,352.43,408.75,201.32,124.94,1,-1,-1,-1
830,26,826.88,330.03,89.96,68.41,1,-1,-1,-1
831,24,338.13,411.73,205.8,129.27,1,-1,-1,-1
831,26,822.4,330.67,91.67,70.33,1,-1,-1,-1
832,24,324.27,415.79,207.72,125.21,1,-1,-1,-1
832,26,818.56,332.37,92.73,70.55,1,-1,-1,-1
833,24,310.4,419.84,209.64,121.16,1,-1,-1,-1
833,26,814.72,334.08,93.8,70.76,1,-1,-1,-1
834,24,296.53,423.89,211.56,117.11,1,-1,-1,-1
834,26,810.88,335.79,94.87,70.97,1,-1,-1,-1
834,27,895.15,297.6,65.85,37.69,1,-1,-1,-1
835,24,282.67,427.95,213.48,113.05,1,-1,-1,-1
835,26,807.04,337.49,95.93,71.19,1,-1,-1,-1
835,27,892.37,298.67,68.63,37.48,1,-1,-1,-1
836,24,268.8,432.0,215.4,109.0,1,-1,-1,-1
836,26,803.2,339.2,97.0,71.4,1,-1,-1,-1
836,27,889.6,299.73,71.4,37.27,1,-1,-1,-1
837,24,253.87,436.91,216.25,104.09,1,-1,-1,-1
837,26,797.65,340.91,99.14,72.68,1,-1,-1,-1
837,27,886.61,300.59,74.39,37.69,1,-1,-1,-1
838,24,238.93,441.81,217.11,99.19,1,-1,-1,-1
838,26,792.11,342.61,101.26,73.96,1,-1,-1,-1
838,27,883.63,301.44,63.08,38.12,1,-1,-1,-1
839,24,224.0,446.72,217.96,94.28,1,-1,-1,-1
839,26,786.56,344.32,103.4,75.24,1,-1,-1,-1
839,27,880.64,302.29,63.72,38.55,1,-1,-1,-1
840,24,209.07,451.63,218.81,89.37,1,-1,-1,-1
840,26,781.01,346.03,105.54,76.52,1,-1,-1,-1
840,27,877.65,303.15,64.36,38.97,1,-1,-1,-1
841,24,194.13,456.53,219.67,84.47,1,-1,-1,-1
841,26,775.47,347.73,107.66,77.8,1,-1,-1,-1
841,27,874.67,304.0,65.0,39.4,1,-1,-1,-1
842,24,177.07,461.23,219.24,79.77,1,-1,-1,-1
842,26,770.13,349.44,108.74,79.51,1,-1,-1,-1
842,27,871.68,304.43,66.07,40.46,1,-1,-1,-1
843,24,160.0,465.92,218.81,75.08,1,-1,-1,-1
843,26,764.8,351.15,109.8,81.21,1,-1,-1,-1
843,27,868.69,304.85,67.14,41.54,1,-1,-1,-1
844,24,142.93,470.61,218.39,70.39,1,-1,-1,-1
844,26,759.47,352.85,110.86,82.92,1,-1,-1,-1
844,27,865.71,305.28,68.2,42.6,1,-1,-1,-1
845,24,125.87,475.31,217.96,65.69,1,-1,-1,-1
845,26,754.13,354.56,111.94,84.63,1,-1,-1,-1
845,27,862.72,305.71,69.27,43.66,1,-1,-1,-1
846,24,108.8,480.0,217.53,61.0,1,-1,-1,-1
846,26,748.8,356.27,113.0,86.33,1,-1,-1,-1
846,27,859.73,306.13,70.34,44.74,1,-1,-1,-1
847,24,98.56,485.55,203.88,55.45,1,-1,-1,-1
847,26,742.61,358.61,114.28,86.55,1,-1,-1,-1
847,27,856.32,307.41,70.97,45.16,1,-1,-1,-1
848,24,88.32,491.09,190.23,49.91,1,-1,-1,-1
848,26,736.43,360.96,115.56,86.76,1,-1,-1,-1
848,27,852.91,308.69,71.61,45.59,1,-1,-1,-1
849,24,78.08,496.64,176.57,44.36,1,-1,-1,-1
849,26,730.24,363.31,116.84,86.97,1,-1,-1,-1
849,27,849.49,309.97,72.26,46.02,1,-1,-1,-1
850,24,67.84,502.19,162.92,38.81,1,-1,-1,-1
850,26,724.05,365.65,118.12,87.19,1,-1,-1,-1
850,27,846.08,311.25,72.89,46.44,1,-1,-1,-1
851,24,57.6,507.73,149.27,33.27,1,-1,-1,-1
851,26,717.87,368.0,119.4,87.4,1,-1,-1,-1
851,27,842.67,312.53,73.53,46.87,1,-1,-1,-1
852,26,709.76,370.13,122.6,89.32,1,-1,-1,-1
852,27,839.04,313.39,74.39,46.44,1,-1,-1,-1
853,26,701.65,372.27,125.8,91.24,1,-1,-1,-1
853,27,835.41,314.24,75.24,46.01,1,-1,-1,-1
854,26,693.55,374.4,129.0,93.16,1,-1,-1,-1
854,27,831.79,315.09,76.09,45.59,1,-1,-1,-1
855,26,685.44,376.53,132.2,95.08,1,-1,-1,-1
855,27,828.16,315.95,76.95,45.16,1,-1,-1,-1
856,26,677.33,378.67,135.4,97.0,1,-1,-1,-1
856,27,824.53,316.8,77.8,44.73,1,-1,-1,-1
857,26,668.37,381.44,138.18,99.13,1,-1,-1,-1
857,27,820.27,318.08,78.44,45.59,1,-1,-1,-1
858,26,659.41,384.21,140.95,101.27,1,-1,-1,-1
858,27,816.0,319.36,79.08,46.44,1,-1,-1,-1
859,26,650.45,386.99,143.72,103.4,1,-1,-1,-1
859,27,811.73,320.64,79.72,47.29,1,-1,-1,-1
860,26,641.49,389.76,146.5,105.53,1,-1,-1,-1
860,27,807.47,321.92,80.36,48.15,1,-1,-1,-1
861,26,632.53,392.53,149.27,107.67,1,-1,-1,-1
861,27,803.2,323.2,81.0,49.0,1,-1,-1,-1
862,26,621.87,395.52,153.32,110.23,1,-1,-1,-1
862,27,798.29,324.27,82.71,49.85,1,-1,-1,-1
863,26,611.2,398.51,157.37,112.78,1,-1,-1,-1
863,27,793.39,325.33,84.41,50.71,1,-1,-1,-1
864,26,600.53,401.49,161.43,115.35,1,-1,-1,-1
864,27,788.48,326.4,86.12,51.56,1,-1,-1,-1
865,26,589.87,404.48,165.48,117.91,1,-1,-1,-1
865,27,783.57,327.47,87.83,52.41,1,-1,-1,-1
866,26,579.2,407.47,169.53,120.46,1,-1,-1,-1
866,27,778.67,328.53,89.53,53.27,1,-1,-1,-1
867,26,566.61,410.88,173.59,120.68,1,-1,-1,-1
867,27,773.55,330.03,91.02,53.26,1,-1,-1,-1
868,26,554.03,414.29,177.64,126.71,1,-1,-1,-1
868,27,768.43,331.52,92.52,53.27,1,-1,-1,-1
869,26,541.44,417.71,181.69,123.29,1,-1,-1,-1
869,27,763.31,333.01,94.01,53.27,1,-1,-1,-1
870,26,528.85,421.12,185.75,119.88,1,-1,-1,-1
870,27,758.19,334.51,95.5,53.26,1,-1,-1,-1
871,26,516.27,424.53,189.8,116.47,1,-1,-1,-1
871,27,753.07,336.0,97.0,53.27,1,-1,-1,-1
872,26,502.83,428.8,193.42,112.2,1,-1,-1,-1
872,27,747.73,337.07,97.22,54.12,1,-1,-1,-1
873,26,489.39,433.07,197.05,107.93,1,-1,-1,-1
873,27,742.4,338.13,97.43,54.98,1,-1,-1,-1
874,26,475.95,437.33,200.68,103.67,1,-1,-1,-1
874,27,737.07,339.2,97.64,55.83,1,-1,-1,-1
875,26,462.51,441.6,204.3,99.4,1,-1,-1,-1
875,27,731.73,340.27,97.86,56.68,1,-1,-1,-1
876,26,449.07,445.87,207.93,95.13,1,-1,-1,-1
876,27,726.4,341.33,98.07,57.54,1,-1,-1,-1
877,26,440.11,450.35,204.52,90.65,1,-1,-1,-1
877,27,719.79,343.47,99.98,58.6,1,-1,-1,-1
878,26,431.15,454.83,201.1,86.17,1,-1,-1,-1
878,27,713.17,345.6,101.91,59.67,1,-1,-1,-1
879,26,422.19,459.31,197.69,81.69,1,-1,-1,-1
879,27,706.56,347.73,103.83,60.74,1,-1,-1,-1
880,26,413.23,463.79,194.28,77.21,1,-1,-1,-1
880,27,699.95,349.87,105.74,61.8,1,-1,-1,-1
881,26,404.27,468.27,190.86,72.73,1,-1,-1,-1
881,27,693.33,352.0,107.67,62.87,1,-1,-1,-1
882,26,390.83,474.03,188.73,66.97,1,-1,-1,-1
882,27,684.8,353.92,110.65,63.93,1,-1,-1,-1
883,26,377.39,479.79,186.6,61.21,1,-1,-1,-1
883,27,676.27,355.84,113.64,65.0,1,-1,-1,-1
884,26,363.95,485.55,184.46,55.45,1,-1,-1,-1
884,27,667.73,357.76,116.63,66.07,1,-1,-1,-1
885,26,350.51,491.31,182.33,49.69,1,-1,-1,-1
885,27,659.2,359.68,119.61,67.13,1,-1,-1,-1
886,26,337.07,497.07,180.2,43.93,1,-1,-1,-1
886,27,650.67,361.6,122.6,68.2,1,-1,-1,-1
887,27,641.92,363.95,124.73,69.26,1,-1,-1,-1
888,27,633.17,366.29,126.87,70.34,1,-1,-1,-1
889,27,624.43,368.64,129.0,71.4,1,-1,-1,-1
890,27,615.68,370.99,131.13,72.46,1,-1,-1,-1
891,27,606.93,373.33,133.27,73.54,1,-1,-1,-1
892,27,596.27,376.32,136.25,75.67,1,-1,-1,-1
893,27,585.6,379.31,139.24,77.8,1,-1,-1,-1
894,27,574.93,382.29,142.23,79.94,1,-1,-1,-1
895,27,564.27,385.28,145.21,82.07,1,-1,-1,-1
896,27,553.6,388.27,148.2,84.2,1,-1,-1,-1
897,27,539.95,390.83,152.46,85.9,1,-1,-1,-1
898,27,526.29,393.39,156.74,87.61,1,-1,-1,-1
899,27,512.64,395.95,161.0,89.32,1,-1,-1,-1
900,27,498.99,398.51,165.26,91.02,1,-1,-1,-1
901,27,485.33,401.07,169.54,92.73,1,-1,-1,-1
902,27,469.97,405.12,174.02,94.65,1,-1,-1,-1
903,27,454.61,409.17,178.5,96.58,1,-1,-1,-1
904,27,439.25,413.23,182.98,98.49,1,-1,-1,-1
905,27,423.89,417.28,187.46,100.41,1,-1,-1,-1
906,27,408.53,421.33,191.94,102.34,1,-1,-1,-1
906,28,888.53,292.27,52.2,29.8,1,-1,-1,-1
907,27,390.4,426.03,198.12,102.54,1,-1,-1,-1
907,28,885.76,292.91,52.63,30.65,1,-1,-1,-1
908,27,372.27,430.72,204.3,102.76,1,-1,-1,-1
908,28,882.99,293.55,53.05,31.5,1,-1,-1,-1
909,27,354.13,435.41,210.5,105.59,1,-1,-1,-1
909,28,880.21,294.19,53.48,32.36,1,-1,-1,-1
910,27,336.0,440.11,216.68,100.89,1,-1,-1,-1
910,28,877.44,294.83,53.91,33.21,1,-1,-1,-1
911,27,317.87,444.8,222.86,96.2,1,-1,-1,-1
911,28,874.67,295.47,54.33,34.06,1,-1,-1,-1
912,27,301.87,449.49,223.08,91.51,1,-1,-1,-1
912,28,871.68,296.32,54.76,34.92,1,-1,-1,-1
913,27,285.87,454.19,223.29,86.81,1,-1,-1,-1
913,28,868.69,297.17,55.19,35.78,1,-1,-1,-1
914,27,269.87,458.88,223.5,82.12,1,-1,-1,-1
914,28,865.71,298.03,55.61,36.62,1,-1,-1,-1
915,27,253.87,463.57,223.72,77.43,1,-1,-1,-1
915,28,862.72,298.88,56.04,37.48,1,-1,-1,-1
916,27,237.87,468.27,223.93,72.73,1,-1,-1,-1
916,28,859.73,299.73,56.47,38.34,1,-1,-1,-1
917,27,222.29,474.45,218.82,66.55,1,-1,-1,-1
917,28,856.32,301.01,57.32,38.34,1,-1,-1,-1
918,27,206.72,480.64,213.69,60.36,1,-1,-1,-1
918,28,852.91,302.29,58.17,38.34,1,-1,-1,-1
919,27,191.15,486.83,208.57,54.17,1,-1,-1,-1
919,28,849.49,303.57,59.03,38.34,1,-1,-1,-1
920,27,175.57,493.01,203.46,47.99,1,-1,-1,-1
920,28,846.08,304.85,59.88,38.34,1,-1,-1,-1
921,27,160.0,499.2,198.33,41.8,1,-1,-1,-1
921,28,842.67,306.13,60.73,38.34,1,-1,-1,-1
922,28,838.83,306.99,61.8,39.18,1,-1,-1,-1
923,28,834.99,307.84,62.86,40.04,1,-1,-1,-1
924,28,831.15,308.69,63.93,40.9,1,-1,-1,-1
925,28,827.31,309.55,65.0,41.74,1,-1,-1,-1
926,28,823.47,310.4,66.06,42.6,1,-1,-1,-1
927,28,819.2,311.68,67.13,42.81,1,-1,-1,-1
928,28,814.93,312.96,68.2,43.03,1,-1,-1,-1
929,28,810.67,314.24,69.26,43.24,1,-1,-1,-1
930,28,806.4,315.52,70.33,43.45,1,-1,-1,-1
931,28,802.13,316.8,71.4,43.67,1,-1,-1,-1
932,28,798.08,317.87,72.04,44.09,1,-1,-1,-1
933,28,794.03,318.93,72.68,44.52,1,-1,-1,-1
934,28,789.97,320.0,73.32,44.95,1,-1,-1,-1
935,28,785.92,321.07,73.96,45.37,1,-1,-1,-1
936,28,781.87,322.13,74.6,45.8,1,-1,-1,-1
937,28,776.53,323.2,75.67,46.44,1,-1,-1,-1
938,28,771.2,324.27,76.73,47.08,1,-1,-1,-1
939,28,765.87,325.33,77.8,47.72,1,-1,-1,-1
940,28,760.53,326.4,78.87,48.36,1,-1,-1,-1
941,28,755.2,327.47,79.93,49.0,1,-1,-1,-1
942,28,749.23,328.96,81.42,50.07,1,-1,-1,-1
943,28,743.25,330.45,82.92,51.14,1,-1,-1,-1
944,28,737.28,331.95,84.41,52.2,1,-1,-1,-1
945,28,731.31,333.44,85.9,53.27,1,-1,-1,-1
946,28,725.33,334.93,87.4,54.34,1,-1,-1,-1
947,28,718.51,337.28,89.74,54.33,1,-1,-1,-1
948,28,711.68,339.63,92.09,54.33,1,-1,-1,-1
949,28,704.85,341.97,94.44,54.34,1,-1,-1,-1
950,28,698.03,344.32,96.78,54.33,1,-1,-1,-1
951,28,691.2,346.67,99.13,54.33,1,-1,-1,-1
952,28,683.09,348.37,100.42,56.04,1,-1,-1,-1
953,28,674.99,350.08,101.69,57.75,1,-1,-1,-1
954,28,666.88,351.79,102.97,59.45,1,-1,-1,-1
955,28,658.77,353.49,104.26,61.16,1,-1,-1,-1
956,28,650.67,355.2,105.53,62.87,1,-1,-1,-1
957,28,642.13,357.76,108.1,63.72,1,-1,-1,-1
958,28,633.6,360.32,110.65,64.57,1,-1,-1,-1
959,28,625.07,362.88,113.21,65.43,1,-1,-1,-1
960,28,616.53,365.44,115.78,66.28,1,-1,-1,-1
961,28,608.0,368.0,118.33,67.13,1,-1,-1,-1
962,28,598.19,370.35,120.04,67.98,1,-1,-1,-1
963,28,588.37,372.69,121.75,68.84,1,-1,-1,-1
964,28,578.56,375.04,123.45,69.69,1,-1,-1,-1
965,28,568.75,377.39,125.16,70.54,1,-1,-1,-1
966,28,558.93,379.73,126.87,71.4,1,-1,-1,-1
967,28,545.71,382.72,130.7,74.39,1,-1,-1,-1
968,28,532.48,385.71,134.55,77.37,1,-1,-1,-1
969,28,519.25,388.69,138.39,80.36,1,-1,-1,-1
970,28,506.03,391.68,142.22,83.35,1,-1,-1,-1
971,28,492.8,394.67,146.07,86.33,1,-1,-1,-1
972,28,478.29,398.51,149.48,87.61,1,-1,-1,-1
973,28,463.79,402.35,152.89,88.89,1,-1,-1,-1
974,28,449.28,406.19,156.31,90.17,1,-1,-1,-1
975,28,434.77,410.03,159.72,91.45,1,-1,-1,-1
976,28,420.27,413.87,163.13,92.73,1,-1,-1,-1
977,28,401.49,418.56,168.26,93.59,1,-1,-1,-1
978,28,382.72,423.25,173.37,94.44,1,-1,-1,-1
979,28,363.95,427.95,178.49,95.29,1,-1,-1,-1
980,28,345.17,432.64,183.62,96.15,1,-1,-1,-1
981,28,326.4,437.33,188.73,97.0,1,-1,-1,-1
982,28,308.48,442.67,190.44,98.33,1,-1,-1,-1
983,28,290.56,448.0,192.15,93.0,1,-1,-1,-1
984,28,272.64,453.33,193.85,87.67,1,-1,-1,-1
985,28,254.72,458.67,195.56,82.33,1,-1,-1,-1
986,28,236.8,464.0,197.27,77.0,1,-1,-1,-1
987,28,219.95,469.33,193.21,71.67,1,-1,-1,-1
988,28,203.09,474.67,189.16,66.33,1,-1,-1,-1
989,28,186.24,480.0,185.11,61.0,1,-1,-1,-1
990,28,169.39,485.33,181.05,55.67,1,-1,-1,-1
991,28,152.53,490.67,177.0,50.33,1,-1,-1,-1
1061,29,890.67,291.2,45.8,31.93,1,-1,-1,-1
1062,29,887.89,291.84,46.23,32.36,1,-1,-1,-1
1063,29,885.12,292.48,46.65,32.79,1,-1,-1,-1
1064,29,882.35,293.12,47.08,33.21,1,-1,-1,-1
1065,29,879.57,293.76,47.51,33.64,1,-1,-1,-1
1066,29,876.8,294.4,47.93,34.07,1,-1,-1,-1
1067,29,873.6,295.04,49.21,34.28,1,-1,-1,-1
1068,29,870.4,295.68,50.49,34.49,1,-1,-1,-1
1069,29,867.2,296.32,51.77,34.71,1,-1,-1,-1
1070,29,864.0,296.96,53.05,34.92,1,-1,-1,-1
1071,29,860.8,297.6,54.33,35.13,1,-1,-1,-1
1072,29,857.6,299.09,54.33,35.56,1,-1,-1,-1
1073,29,854.4,300.59,54.33,35.98,1,-1,-1,-1
1074,29,851.2,302.08,54.33,36.41,1,-1,-1,-1
1075,29,848.0,303.57,54.33,36.84,1,-1,-1,-1
1076,29,844.8,305.07,54.33,37.26,1,-1,-1,-1
1077,29,840.53,305.92,55.62,37.69,1,-1,-1,-1
1078,29,836.27,306.77,56.89,38.12,1,-1,-1,-1
1079,29,832.0,307.63,58.17,38.54,1,-1,-1,-1
1080,29,827.73,308.48,59.46,38.97,1,-1,-1,-1
1081,29,823.47,309.33,60.73,39.4,1,-1,-1,-1
1082,29,819.2,310.83,62.23,39.4,1,-1,-1,-1
1083,29,814.93,312.32,63.72,39.4,1,-1,-1,-1
1084,29,810.67,313.81,65.21,39.4,1,-1,-1,-1
1085,29,806.4,315.31,66.71,39.4,1,-1,-1,-1
1086,29,802.13,316.8,68.2,39.4,1,-1,-1,-1
1087,29,797.44,317.65,68.41,40.47,1,-1,-1,-1
1088,29,792.75,318.51,68.62,41.53,1,-1,-1,-1
1089,29,788.05,319.36,68.84,42.6,1,-1,-1,-1
1090,29,783.36,320.21,69.05,43.67,1,-1,-1,-1
1091,29,778.67,321.07,69.26,44.73,1,-1,-1,-1
1092,29,773.33,323.2,69.7,44.95,1,-1,-1,-1
1093,29,768.0,325.33,70.12,45.16,1,-1,-1,-1
1094,29,762.67,327.47,70.54,45.37,1,-1,-1,-1
1095,29,757.33,329.6,70.98,45.59,1,-1,-1,-1
1096,29,752.0,331.73,71.4,45.8,1,-1,-1,-1
1097,29,745.39,333.44,73.32,46.87,1,-1,-1,-1
1098,29,738.77,335.15,75.24,47.93,1,-1,-1,-1
1099,29,732.16,336.85,77.16,49.0,1,-1,-1,-1
1100,29,725.55,338.56,79.08,50.07,1,-1,-1,-1
1101,29,718.93,340.27,81.0,51.13,1,-1,-1,-1
1102,29,711.47,341.76,82.28,52.2,1,-1,-1,-1
1103,29,704.0,343.25,83.56,53.27,1,-1,-1,-1
1104,29,696.53,344.75,84.84,54.33,1,-1,-1,-1
1105,29,689.07,346.24,86.12,55.4,1,-1,-1,-1
1106,29,681.6,347.73,87.4,56.47,1,-1,-1,-1
1107,29,673.28,350.51,89.96,57.1,1,-1,-1,-1
1107,30,904.53,302.72,56.47,38.76,1,-1,-1,-1
1108,29,664.96,353.28,92.52,57.75,1,-1,-1,-1
1108,30,901.33,303.57,59.67,39.19,1,-1,-1,-1
1109,29,656.64,356.05,95.08,58.39,1,-1,-1,-1
1109,30,898.13,304.43,62.87,39.61,1,-1,-1,-1
1110,29,648.32,358.83,97.64,59.02,1,-1,-1,-1
1110,30,894.93,305.28,66.07,40.04,1,-1,-1,-1
1111,29,640.0,361.6,100.2,59.67,1,-1,-1,-1
1111,30,891.73,306.13,69.27,40.47,1,-1,-1,-1
1112,29,629.33,363.73,104.04,61.59,1,-1,-1,-1
1112,30,888.32,307.63,72.68,41.32,1,-1,-1,-1
1113,29,618.67,365.87,107.88,63.5,1,-1,-1,-1
1113,30,884.91,309.12,62.65,42.17,1,-1,-1,-1
1114,29,608.0,368.0,111.72,65.43,1,-1,-1,-1
1114,30,881.49,310.61,63.08,43.03,1,-1,-1,-1
1115,29,597.33,370.13,115.56,67.35,1,-1,-1,-1
1115,30,878.08,312.11,63.51,43.88,1,-1,-1,-1
1116,29,586.67,372.27,119.4,69.26,1,-1,-1,-1
1116,30,874.67,313.6,63.93,44.73,1,-1,-1,-1
1117,29,575.47,375.2,121.53,70.87,1,-1,-1,-1
1117,30,870.67,314.93,65.0,46.07,1,-1,-1,-1
1118,29,564.27,378.13,123.66,72.47,1,-1,-1,-1
1118,30,866.67,316.27,66.06,47.4,1,-1,-1,-1
1119,29,553.07,381.07,125.8,74.06,1,-1,-1,-1
1119,30,862.67,317.6,67.13,48.73,1,-1,-1,-1
1120,29,541.87,384.0,127.93,75.67,1,-1,-1,-1
1120,30,858.67,318.93,68.2,50.07,1,-1,-1,-1
